Date,Industry_01,Industry_02,Industry_03,Industry_04,Industry_05,Industry_06,Industry_07,Industry_08,Industry_09,Industry_10,Industry_11,Industry_12,Industry_13,Industry_14,Industry_15,Industry_16,Industry_17,Industry_18,Industry_19,Industry_20,Industry_21,Industry_22,Industry_23,Industry_24,Industry_25,Industry_26,Industry_27,Industry_28,Industry_29,Industry_30,Mkt_RF,Term_Spread,VIX
1990-01-31,-0.47,0.48,-2.56,1.73,-0.43,0.14,1.97,-2.08,2.57,1.98,3.94,3.32,5.15,1.76,6.12,4.43,-0.42,7.21,3.09,0.21,-0.26,4.46,3.53,1.88,5.76,2.33,2.09,0.45,2.28,1.39,1.12,0.689999999999999,23.3472727272727
1990-02-28,5.27,6.22,6.85,1.68,-0.46,4.15,7.54,3.8,1.43,2.31,3.65,6.29,3.7,4.12,3.56,8.28,-5.6,5.57,-0.62,-0.75,4.22,5.58,4.1,2.33,2.85,3.38,6.06,-0.32,-1.6,4.79,1.83,0.74,23.2626315789473
1990-03-31,-0.23,2.32,4.77,0.44,-6.27,-1.9,-1.13,0.34,-3.45,-2.59,-3.57,-7.02,-2.46,-0.72,-4.53,-5.55,-8.84,-9.11,-3.54,-5.52,-3.29,-2.76,-1.46,-2.74,-3.98,-2.19,-1.68,-5.32,-4.19,1.34,-3.36,0.85,20.0622727272727
1990-04-30,8.82,15.92,1.12,13.22,9.84,9.85,7.72,12.81,7.38,4.16,9.89,7.38,6.06,9.96,8.05,10.66,7.74,13.18,6.01,5.43,9.2,12.14,11.64,5.92,4.6,9.0,11.88,13.06,9.26,10.6,8.43,1.24999999999999,21.4035
1990-05-31,2.35,1.02,9.15,-3.87,-1.2,2.01,-2.13,4.42,-2.26,-4.86,-3.03,-1.46,-1.97,0.02,-2.93,0.35,-5.8,-6.66,-2.02,0.75,-4.74,2.64,-2.0,-0.12,-1.59,0.27,1.69,1.16,-1.89,1.43,-1.09,0.849999999999999,18.0977272727272
1990-06-30,0.6,0.01,5.64,-7.84,-5.53,-1.83,-4.97,2.67,0.87,-1.2,2.21,5.71,-1.87,1.54,-2.7,-2.72,10.55,-0.9,8.37,0.9,-4.42,-8.36,-6.52,1.35,-2.48,-4.14,-3.71,-7.33,-4.72,-2.62,-1.9,0.689999999999999,16.8223809523809
1990-07-31,-7.16,-4.9,-3.06,-15.3,-9.42,-9.06,-16.66,-6.65,-12.9,-14.03,-12.46,-10.22,-13.16,-13.47,-14.58,-13.27,-6.7,-11.02,-1.24,-6.64,-10.38,-10.24,-12.22,-11.04,-12.87,-9.7,-12.68,-12.49,-10.99,-10.91,-10.12,0.869999999999999,18.3928571428571
1990-08-31,-1.56,-6.66,0.93,-3.94,-6.38,-7.47,-12.94,-4.32,-6.65,-17.04,-8.87,-6.14,-9.93,-10.1,-11.07,-10.12,-1.74,3.44,-1.65,0.48,1.82,-7.96,-6.16,-7.25,-7.75,-5.21,-9.36,-12.43,-11.42,-8.53,-6.11,1.46999999999999,28.1752173913043
1990-09-30,3.13,7.51,6.44,-1.37,-3.84,1.99,-7.19,1.46,0.56,-10.99,-6.85,-11.42,-10.28,-3.02,-2.72,2.89,-16.79,-9.5,-3.94,7.22,3.02,-2.13,-3.82,-0.15,-2.52,-3.6,-3.04,-3.67,-7.16,-2.95,-1.92,1.68,29.1073684210526
1990-10-31,5.39,5.26,7.97,12.22,10.44,7.56,15.51,9.68,10.1,8.51,8.52,2.93,9.01,6.38,2.95,2.19,-1.96,-4.43,1.64,2.31,2.12,10.37,10.47,6.81,5.4,6.17,11.75,8.53,14.29,2.1,6.35,1.54,29.625652173913
1990-11-30,4.67,2.36,5.36,2.73,6.01,3.32,7.9,2.87,3.42,8.33,2.79,7.95,4.9,5.52,-1.25,3.9,10.28,2.09,-2.06,0.79,1.51,5.26,3.93,6.82,5.26,4.51,2.88,4.98,5.54,6.35,2.46,1.24,24.8857142857142
1990-12-31,3.18,4.65,2.68,4.92,8.88,0.79,18.27,4.78,5.67,11.06,9.21,8.17,6.3,11.56,7.37,6.66,-9.34,-3.9,-2.03,-1.37,0.02,13.81,14.36,5.45,12.39,3.44,11.72,1.08,7.22,10.24,4.69,1.63999999999999,23.363
1991-01-31,11.94,10.87,7.72,10.95,3.42,6.25,15.78,10.16,6.05,11.91,12.74,6.68,7.56,7.07,10.49,1.57,7.98,13.17,8.54,4.84,3.03,5.65,5.98,5.21,5.6,8.68,7.69,15.73,10.82,4.73,7.19,1.83999999999999,27.4290909090909
1991-02-28,6.07,5.7,1.37,-1.55,1.2,4.14,4.62,6.24,-0.25,3.43,-0.78,0.52,-1.74,2.2,-0.55,0.24,-1.43,-3.67,1.32,1.72,2.3,4.64,-0.61,1.68,-1.78,3.13,9.38,9.72,5.83,0.44,2.66,1.97999999999999,21.5984210526315
1991-03-31,-0.89,-4.02,-3.48,-2.86,2.46,-1.45,1.5,-1.21,3.31,2.75,-1.22,-0.13,-2.65,0.97,-2.73,-0.57,0.35,6.0,2.39,-0.05,1.13,-0.78,-3.01,1.92,3.8,1.86,2.61,-1.78,1.78,-0.1,-0.28,2.31,17.7442105263157
1991-04-30,2.84,3.83,3.96,3.94,4.57,4.0,2.35,4.47,10.03,4.57,6.6,4.24,8.36,10.46,16.11,6.14,2.14,-7.35,-1.39,0.15,-1.46,4.86,3.47,9.01,7.89,6.51,8.25,6.28,4.67,4.57,3.66,2.51,17.3727272727272
1991-05-31,-4.21,-5.75,-6.37,-4.29,-7.38,-7.54,-2.82,-4.19,-3.24,1.45,-6.58,-4.74,-6.64,-4.69,-2.77,-3.51,7.94,3.56,-3.7,-2.37,-1.49,-5.96,-9.19,-2.9,-5.24,-2.73,-4.4,-7.24,-5.34,-5.63,-4.94,2.53,16.9322727272727
1991-06-30,5.49,9.1,7.43,4.39,1.9,4.94,3.72,8.51,4.92,10.5,4.77,4.46,1.21,0.37,-1.36,5.78,-2.4,-1.3,5.07,3.99,3.11,4.6,4.15,0.02,5.73,5.66,5.63,1.21,5.75,2.24,4.24,2.7,17.1349999999999
1991-07-31,6.35,5.95,6.96,-0.16,2.2,4.38,8.61,2.95,0.76,0.42,2.61,0.79,0.46,2.03,-3.48,2.75,-7.22,3.73,1.61,3.52,0.66,5.44,1.37,1.02,1.48,-1.68,4.94,0.54,4.46,2.53,2.32,2.66999999999999,17.2940909090909
1991-08-31,-3.46,-4.63,-2.07,-0.25,-4.15,0.86,2.76,-0.33,-3.15,4.23,-4.9,-3.33,-2.99,-5.91,-2.33,-0.04,4.08,-0.39,-0.69,3.72,0.37,1.14,-2.13,-1.54,-0.32,-2.07,-4.15,1.96,-0.25,-3.22,-1.59,2.49,15.6813636363636
1991-09-30,-1.22,2.09,-5.74,2.67,0.36,1.15,-4.37,6.53,1.76,-1.32,-2.45,-0.94,-0.86,0.5,-2.38,3.23,1.75,4.85,2.04,1.25,1.93,6.36,0.13,4.09,7.0,2.69,-3.12,2.09,2.05,1.04,1.29,2.35999999999999,16.9565
1991-10-31,-0.11,3.03,-3.34,-6.93,-4.79,-2.01,-3.53,-2.53,-5.88,-4.75,-4.24,-7.71,-9.16,-5.85,-8.82,-5.91,0.91,-10.97,-7.74,1.9,-4.75,-2.63,-5.01,-6.95,-8.58,-3.9,-0.44,-4.35,-5.22,-2.67,-4.2,2.64999999999999,16.3639130434782
1991-11-30,15.31,15.43,14.9,8.09,12.33,12.1,15.13,16.6,10.29,13.41,16.56,7.0,8.88,18.11,5.96,9.96,-0.65,0.89,2.15,5.01,9.85,14.24,7.05,9.74,14.3,11.52,13.31,12.68,13.37,13.44,10.85,3.03,17.7735
1991-12-31,-5.45,-3.06,-4.93,11.62,2.4,7.85,3.78,-5.44,1.05,10.1,4.29,3.24,5.93,-1.16,10.69,4.06,7.78,-9.38,-4.11,-4.57,-2.88,2.96,7.35,1.79,-1.11,-1.76,-0.39,10.3,0.8,2.67,-0.59,2.83,18.347619047619
1992-01-31,-0.79,1.49,0.24,10.43,5.63,-1.3,2.19,-2.74,2.81,8.25,1.08,7.06,4.7,3.44,14.45,-3.2,-1.11,6.65,-0.58,-1.24,-1.45,2.68,4.45,3.0,5.11,3.15,2.96,-0.05,2.92,0.4,1.08,3.46999999999999,17.6831818181818
1992-02-29,-2.96,1.38,-3.83,-1.33,-1.0,-2.0,-3.95,-5.53,0.74,3.84,-3.81,-1.3,-1.86,-3.09,1.44,-0.83,-8.93,-4.89,-2.71,-0.53,-0.87,-4.39,-4.94,-0.07,-2.41,-0.43,-1.36,-1.39,-0.9,-8.14,-2.65,3.33999999999999,17.4773684210526
1992-03-31,-1.31,1.91,7.86,-1.96,5.04,1.11,-5.26,-2.3,6.3,1.28,0.35,3.69,1.79,-0.03,11.17,2.66,-2.17,-5.46,9.54,2.69,7.1,-3.6,0.2,3.7,2.68,-1.06,-4.61,3.0,0.95,-0.1,1.09,3.49,17.5204545454545
1992-04-30,0.8,3.61,0.14,2.0,-0.15,0.31,-1.35,1.11,-0.88,-1.98,0.52,0.96,-0.55,-0.28,-1.9,-2.19,8.67,-0.34,3.17,2.54,-2.61,1.61,-0.75,-0.89,-0.33,1.57,-0.18,1.08,2.51,-5.02,0.3,3.91,16.5628571428571
1992-05-31,-0.02,-5.5,-9.28,-3.69,-3.28,-6.42,-5.04,-4.78,-4.68,-7.33,-5.58,1.93,-5.72,1.2,4.54,-4.84,8.9,-9.72,-3.46,0.54,1.49,-5.6,-2.71,-1.28,-3.98,-3.14,-1.78,-2.29,1.21,-4.45,-2.33,3.63,15.077
1992-06-30,5.37,4.55,4.61,1.83,3.07,6.77,5.55,5.79,4.2,7.19,5.11,-0.14,2.73,-0.57,-0.92,2.9,0.06,6.43,5.28,6.73,5.46,3.22,2.67,-1.01,0.83,4.17,4.26,0.52,3.45,5.72,3.78,3.57,15.2031818181818
1992-07-31,1.9,1.27,-0.21,-2.24,-1.11,-2.89,-1.06,-3.46,-4.81,-1.46,0.04,-9.16,-3.56,-2.81,-11.08,-4.51,-5.04,-1.2,2.56,-0.47,-0.97,-1.77,-5.32,-3.24,-5.95,-2.02,0.11,-2.8,-3.3,-3.05,-2.38,3.53999999999999,13.6018181818181
1992-08-31,2.68,-2.11,1.37,5.62,-0.63,3.39,5.46,-4.86,0.05,2.3,2.91,-0.49,1.56,6.77,-1.77,-2.18,-0.29,13.17,0.07,0.83,1.91,3.8,2.38,0.99,4.14,2.5,4.34,5.88,3.3,4.97,1.19,3.46,14.4219047619047
1992-09-30,-2.68,2.05,-4.21,4.14,0.82,2.5,0.92,3.34,0.79,0.14,0.89,1.54,-0.53,-1.34,0.27,3.58,-5.79,0.02,-3.52,-0.42,-0.55,6.11,-0.03,2.51,6.01,2.75,4.49,3.74,2.81,1.52,1.02,3.68,13.6966666666666
1992-10-31,3.63,0.71,1.97,7.78,7.25,4.38,10.49,4.84,2.19,5.73,2.03,7.09,2.89,8.28,8.16,1.31,-6.93,-10.5,-2.69,-0.23,3.88,5.45,6.77,4.16,5.44,6.53,6.97,8.66,6.58,6.8,4.14,3.84,17.6368181818181
1992-11-30,-0.97,2.89,-2.84,2.48,-0.59,-1.05,-0.95,-1.35,0.95,5.13,-0.26,4.04,1.91,2.53,3.18,8.68,3.64,-0.15,2.01,2.71,5.64,0.51,0.32,-0.27,1.37,2.79,0.22,-0.32,4.6,2.96,1.53,3.68,14.4245
1992-12-31,-3.09,0.86,-5.75,6.24,2.9,2.33,-1.38,-6.87,-2.28,2.53,0.96,6.53,3.56,0.94,9.74,-3.56,-3.12,-3.65,2.79,2.46,1.33,2.89,5.1,0.56,2.85,2.26,-0.27,1.11,3.72,0.68,0.93,3.62,12.1913636363636
1993-01-31,-2.14,-2.37,-3.17,-4.51,0.0,3.44,-6.84,-9.01,0.99,3.25,6.12,-0.52,3.48,-2.16,-0.05,1.97,4.47,-1.91,6.04,6.23,5.6,-2.62,0.75,0.54,0.47,-1.62,-1.71,-0.14,0.91,-1.74,0.12,3.48999999999999,12.409
1993-02-28,-2.27,2.46,-0.89,4.01,1.19,1.1,4.83,0.73,2.12,2.77,1.65,-0.78,2.47,6.15,6.14,3.48,11.46,-1.9,4.11,1.76,3.35,3.0,1.51,-1.57,4.09,2.24,2.9,4.01,4.3,0.83,2.32,3.08,13.7215789473684
1993-03-31,-12.18,-9.18,-15.86,-2.88,-2.18,-5.13,-5.91,1.29,3.34,-4.7,-2.02,-2.21,3.06,-0.22,3.92,1.72,2.65,-4.69,1.12,-0.15,-2.88,-5.04,-2.69,0.21,0.44,-3.65,-9.28,-6.37,-3.78,-3.3,-3.05,3.14,13.6060869565217
1993-04-30,2.57,3.18,4.79,10.81,2.29,1.4,2.88,3.6,1.69,0.02,1.48,4.24,4.01,2.99,0.42,4.86,6.17,8.19,1.81,-0.04,4.16,6.12,9.23,0.41,2.53,4.91,5.92,7.22,0.4,3.18,2.89,3.13999999999999,12.8409523809523
1993-05-31,-1.69,2.02,-0.27,-1.51,-1.15,1.83,-11.14,-2.98,-4.19,-4.62,-0.45,1.21,1.47,2.83,4.01,1.37,3.13,-4.33,-1.09,3.19,4.64,0.08,-0.48,-1.9,-1.27,-0.37,-3.44,-4.23,3.91,-0.99,0.3,3.1,13.606
1993-06-30,-4.47,0.04,-4.65,-1.41,0.9,-2.13,-4.77,-5.98,1.06,-2.93,-0.26,-2.11,-0.19,2.1,2.51,3.44,6.98,6.95,0.46,1.94,2.14,-3.46,-2.81,-2.54,3.74,1.32,0.12,2.27,2.41,-2.78,-0.34,2.77,12.5240909090909
1993-07-31,5.75,2.15,-1.28,7.37,3.44,3.7,2.5,3.03,3.28,9.17,5.12,2.88,8.14,0.49,-0.82,3.32,-8.32,5.92,4.28,3.7,5.25,3.86,7.83,2.36,4.33,4.53,3.64,4.84,3.12,6.34,3.72,2.8,11.5004761904761
1993-08-31,-2.38,-1.5,-3.86,6.63,-1.14,-1.68,-3.54,0.84,-2.36,-3.15,-1.25,-4.39,-1.48,-1.27,0.93,-0.67,-8.8,6.55,1.33,-0.64,-0.48,3.83,-0.05,-2.63,-1.1,-0.79,-0.5,1.4,2.38,-1.42,-0.12,2.44,11.9286363636363
1993-09-30,8.46,2.11,9.84,2.99,7.17,7.58,6.45,5.93,2.59,2.04,2.74,3.88,3.28,1.35,9.46,0.76,7.4,-0.73,-1.96,-1.97,2.42,2.93,1.19,-0.45,3.23,2.5,4.58,6.62,-3.79,-3.66,1.42,2.48,12.9314285714285
1993-10-31,0.69,-0.45,5.91,-2.86,0.15,1.42,1.96,0.98,1.17,0.23,2.94,0.72,-2.16,0.22,1.55,1.99,-2.65,-0.3,-5.99,-5.52,-5.96,-2.02,-0.07,6.87,1.56,-1.1,1.63,-0.58,-3.84,-0.57,-1.87,2.4,11.875238095238
1993-11-30,-0.02,4.27,-0.94,0.49,3.62,1.76,0.65,2.32,2.97,0.27,1.49,6.74,4.49,6.55,4.43,6.55,12.0,4.76,0.59,1.61,-0.53,1.06,4.15,3.29,2.11,2.94,-3.93,5.82,2.25,3.06,1.65,2.69,14.0838095238095
1993-12-31,1.81,-4.95,10.23,4.33,-0.61,2.47,-0.03,1.74,7.96,-6.93,3.38,10.39,6.05,2.18,8.8,2.28,0.91,-3.36,4.89,-1.2,2.17,3.74,4.55,6.55,4.73,2.78,0.14,5.62,4.11,5.61,2.87,2.82,11.3563636363636
1994-01-31,-2.16,1.63,-7.15,-0.83,-3.04,-1.14,2.92,-5.42,-0.91,0.41,-1.49,-3.07,0.96,-1.52,-4.98,1.91,-0.65,-2.03,-2.96,-4.98,-5.5,0.51,1.6,-1.95,-4.52,-0.87,2.78,1.44,-4.03,-3.77,-2.55,2.74,11.2904761904761
1994-02-28,-4.26,-3.2,-11.05,-10.03,-4.4,-5.01,-0.44,-6.75,-3.17,-0.69,-5.62,-5.64,-3.37,-4.29,-6.89,-4.21,2.53,-9.93,-3.56,-3.94,-3.61,-4.5,-3.67,-6.27,-6.03,-5.64,-4.35,-8.32,-3.24,-5.3,-4.79,2.79,13.6442105263157
1994-03-31,0.98,1.82,11.26,-2.67,-1.46,1.63,-1.36,2.25,2.57,2.86,-0.27,-0.94,-1.47,-3.53,-0.07,-0.52,-10.43,-0.38,4.2,2.13,1.59,0.53,-2.43,-0.86,-0.28,-0.52,0.27,1.37,2.51,1.8,0.68,3.28999999999999,15.2234782608695
1994-04-30,-0.74,-2.19,-6.84,1.39,1.12,0.97,-2.18,4.31,3.58,-5.28,0.84,3.49,-2.37,3.05,-1.96,3.13,1.49,-1.77,0.94,-5.36,1.63,4.15,0.63,2.89,-2.01,0.53,-2.54,-0.35,4.36,-1.36,0.58,3.18999999999999,16.4710526315789
1994-05-31,0.8,-4.58,3.11,-4.66,-4.25,-3.23,-2.74,-3.42,-2.65,-5.55,-3.21,0.76,-2.11,-4.93,-3.43,-1.98,-3.1,5.55,-2.72,-3.15,0.62,-4.5,-5.03,-1.89,-2.2,-4.12,-1.62,-6.79,-2.58,-0.84,-3.04,3.01,13.8971428571428
1994-06-30,2.37,5.51,5.53,2.23,1.94,2.77,3.03,1.1,4.15,-1.4,4.3,7.2,3.94,7.19,4.09,0.19,0.6,-0.79,3.27,5.19,3.1,1.01,5.09,6.2,1.56,2.0,1.02,-0.42,2.81,2.41,2.82,3.18999999999999,13.4086363636363
1994-07-31,7.37,5.18,9.78,3.16,3.59,7.0,5.27,10.87,6.1,4.92,4.69,5.44,4.37,0.45,-1.63,4.73,4.85,5.55,-0.11,0.66,1.02,7.9,9.22,5.48,1.93,3.4,4.39,4.17,3.54,4.27,4.02,2.85,12.4845
1994-08-31,0.25,2.52,-2.81,-2.45,-3.06,-1.4,-2.33,1.71,-1.1,-5.7,-2.98,0.32,-3.04,-1.79,-5.53,-5.23,6.05,-0.13,-2.1,-2.79,-1.15,0.58,-0.99,0.55,-6.89,-0.6,-2.53,-3.78,-4.76,-3.48,-2.28,2.63,11.8891304347826
1994-09-30,2.24,3.75,-2.42,0.58,0.97,1.47,1.64,0.91,0.12,1.24,-0.78,-4.01,3.61,0.87,-1.54,2.04,-9.06,-3.24,7.43,1.59,-0.13,5.47,6.94,-3.28,2.23,-0.06,1.3,4.0,0.32,1.11,1.35,2.95,13.2333333333333
1994-10-31,-2.08,0.86,-2.01,-1.61,-2.48,-2.13,-4.19,0.43,-7.38,-2.94,-4.96,-8.63,-7.08,-5.56,-5.03,-2.94,-9.85,-8.34,-4.84,0.28,-5.42,-3.0,-2.28,-4.45,-4.45,-3.91,-2.47,-5.58,-5.36,-6.14,-4.03,2.77999999999999,15.245238095238
1994-11-30,1.55,1.9,-2.04,2.55,2.68,0.9,0.95,0.57,3.75,1.12,0.94,4.39,1.87,8.91,4.77,5.24,2.55,5.71,-1.01,0.35,0.86,2.22,2.75,3.59,-0.24,1.65,-4.71,1.3,1.34,2.98,0.86,2.35,16.3838095238095
1994-12-31,2.32,2.82,4.59,6.08,0.32,2.71,-3.87,6.06,-2.74,-1.17,1.51,-6.37,-0.48,0.93,-6.1,0.13,-6.66,-3.27,0.38,6.22,4.16,-0.92,-0.59,-1.02,3.34,0.94,0.81,6.92,5.63,2.23,1.8,2.30999999999999,14.1771428571428
1995-01-31,1.24,4.87,-1.25,4.02,5.42,3.29,2.72,2.32,5.95,2.53,5.41,3.19,5.48,5.85,4.97,6.16,4.64,-6.51,4.52,0.82,1.51,6.24,6.65,8.3,7.31,5.0,2.09,3.49,4.91,0.59,3.63,1.76999999999999,12.2742857142857
1995-02-28,3.68,2.44,5.93,4.01,1.27,1.9,1.6,2.77,5.67,-2.84,0.67,2.27,6.0,-0.25,1.67,7.46,11.83,2.49,5.28,-1.75,0.24,5.02,4.32,2.75,3.19,2.2,4.02,2.22,1.18,3.39,2.19,1.46,11.47
1995-03-31,3.93,3.22,-4.33,1.66,-2.08,3.79,-1.59,3.0,3.09,0.84,2.55,0.18,4.33,2.93,2.53,3.9,-1.7,-5.84,2.24,2.38,1.62,3.96,9.28,0.89,2.65,3.11,-3.57,2.22,1.79,1.34,2.11,1.5,12.1665217391304
1995-04-30,3.23,8.38,3.92,2.31,4.05,2.58,0.3,1.63,3.14,3.92,2.2,1.61,3.75,3.08,5.51,5.48,-1.27,1.79,4.08,6.04,0.91,0.36,3.34,2.06,-0.58,2.15,2.8,3.82,6.22,4.65,2.9,1.38,12.4426315789473
1995-05-31,2.72,-0.09,-0.91,0.93,2.66,-0.21,4.86,4.48,1.34,-1.53,3.76,7.03,2.88,-0.55,1.02,4.92,0.54,2.34,-3.09,-0.46,3.87,7.68,10.15,3.96,4.36,4.46,5.13,2.72,1.77,2.53,2.72,0.669999999999999,12.265909090909
1995-06-30,-0.84,2.37,-3.6,4.13,3.31,-0.94,7.15,5.47,2.87,4.25,2.81,6.82,8.31,3.67,2.45,6.58,5.95,-0.63,2.3,-0.37,5.07,4.86,8.72,2.14,9.22,3.06,4.09,1.88,4.19,6.13,3.71,0.769999999999999,11.8968181818181
1995-07-31,1.34,-1.61,4.54,-0.15,2.33,0.81,0.77,1.03,-0.36,-1.04,1.05,-0.62,-1.07,0.06,0.3,-1.33,0.64,5.07,-1.6,0.99,4.38,1.31,-0.16,0.82,0.34,-1.17,-3.46,-3.15,5.2,-2.14,0.55,1.03,12.514
1995-08-31,8.21,9.24,2.97,-1.9,2.56,5.39,4.03,7.38,2.76,-3.28,2.41,-4.97,-2.52,6.12,-0.41,5.31,0.13,1.12,1.29,6.3,5.75,2.35,1.29,-0.69,2.78,0.49,3.35,2.66,5.77,-1.65,3.36,0.99,12.7982608695652
1995-09-30,0.33,3.91,2.84,-3.24,-3.27,2.72,-3.5,1.03,-5.55,-9.32,-1.2,-6.15,-3.43,-0.57,-5.55,-1.92,-9.67,-13.04,-0.23,1.48,0.15,3.62,0.03,-3.15,-1.7,-0.9,-8.14,1.18,-1.92,-4.1,-1.51,0.929999999999999,12.057
1995-10-31,3.97,4.81,3.08,2.14,6.66,6.24,0.09,4.93,6.55,7.3,4.73,8.57,4.95,5.63,5.44,8.89,9.28,2.41,4.8,1.58,2.79,2.95,-1.41,6.42,6.22,3.0,6.92,5.61,6.74,5.49,3.96,0.71,14.3572727272727
1995-11-30,3.05,-0.78,4.97,-1.72,1.28,-1.89,3.52,5.89,1.98,-0.13,0.27,-1.63,-0.13,6.55,4.48,3.9,1.79,7.13,5.8,5.1,4.12,-1.07,-4.58,0.31,-1.46,1.99,-1.56,0.0,1.24,0.62,1.04,0.439999999999999,12.4690476190476
1995-12-31,3.34,3.26,1.8,4.72,-0.52,2.66,-3.02,6.05,5.2,-2.98,3.1,4.27,1.93,5.25,3.1,0.66,16.12,-2.48,-0.41,1.86,2.28,1.72,2.11,1.33,-0.18,-0.36,-1.42,6.23,3.83,2.93,2.26,0.62,11.7485
1996-01-31,1.73,5.62,3.26,1.77,2.33,-0.39,3.28,-1.12,2.83,0.49,-1.39,-0.99,3.82,-0.64,1.73,3.12,1.59,3.21,1.03,-2.67,-2.38,4.23,6.93,-1.18,4.15,3.13,5.53,3.8,2.12,1.63,1.33,0.689999999999999,13.4736363636363
1996-02-29,-3.79,1.93,-7.76,1.15,0.29,1.6,10.66,0.21,5.69,2.63,2.07,6.07,1.48,2.97,5.99,3.78,0.05,3.69,5.01,-0.52,-2.01,1.36,-4.55,3.24,3.27,2.54,8.24,0.96,1.02,5.09,0.74,1.24,15.0329999999999
1996-03-31,-0.18,-0.91,-1.58,2.42,2.93,3.86,5.58,-0.61,-0.7,3.22,3.38,1.4,3.94,0.63,2.94,1.08,0.54,-0.4,3.47,-2.66,2.88,7.48,10.57,2.55,2.6,5.03,4.39,2.59,-1.05,2.65,2.06,1.33999999999999,17.7623809523809
1996-04-30,5.43,9.68,5.49,2.73,3.41,3.17,7.39,3.91,-0.35,5.36,1.94,-0.34,1.19,6.18,1.52,2.63,3.06,14.54,0.49,1.32,-0.02,3.31,4.32,1.27,-0.42,4.22,5.04,0.37,1.43,3.9,2.36,1.65,16.575238095238
1996-05-31,2.24,6.56,3.68,-2.57,-0.67,1.38,0.21,-0.25,-2.39,0.1,0.19,-6.48,-4.24,2.97,-5.26,0.96,-12.02,7.97,0.96,5.27,0.55,-0.79,-6.32,-1.37,-1.42,-4.2,-1.16,-0.53,0.69,-1.21,-1.13,1.80999999999999,16.1463636363636
1996-06-30,-2.38,-5.79,0.18,-11.37,-6.95,-3.28,-5.11,-6.25,-3.04,-3.14,-5.15,-6.69,-8.14,-4.81,-4.29,-1.14,-2.76,-8.18,-4.63,-5.81,-8.49,-7.46,-7.53,-1.57,-7.16,-7.88,-7.69,-7.52,-2.45,-7.16,-5.96,1.69,16.395
1996-07-31,-0.4,2.16,-13.17,0.32,3.5,1.55,5.67,4.31,3.18,4.23,3.06,6.21,4.8,1.7,3.28,4.05,3.15,0.45,2.94,2.89,-1.32,2.85,5.1,3.99,3.56,3.82,7.22,3.76,4.25,5.24,2.77,1.62,17.9786363636363
1996-08-31,9.28,0.71,1.38,7.58,2.15,6.36,6.39,7.36,6.27,1.4,5.41,2.04,6.1,9.96,-0.67,5.22,-3.82,11.77,3.99,0.68,1.62,8.85,10.66,4.62,1.07,4.88,3.49,0.41,5.83,5.14,5.01,1.80999999999999,15.7604545454545
1996-09-30,1.94,0.81,3.28,-1.56,-0.05,1.0,-0.59,-0.85,1.51,1.17,1.33,-2.68,-0.63,5.37,4.88,2.56,-1.28,-1.27,5.97,3.61,-0.31,-3.53,-1.23,2.68,2.13,0.13,-2.05,-3.55,5.46,0.47,0.87,1.80999999999999,16.578
1996-10-31,5.81,2.7,10.76,8.49,5.79,5.4,0.23,6.61,5.11,0.32,2.91,7.67,8.95,6.91,6.88,4.71,1.93,5.24,5.54,2.6,5.49,6.06,14.01,4.89,6.78,4.86,2.12,3.9,8.38,6.49,6.25,1.33999999999999,16.3817391304347
1996-11-30,-2.29,0.53,9.26,-6.05,-2.26,0.39,1.98,-2.62,-2.07,2.43,1.95,-1.24,-0.92,-2.89,-2.47,4.92,-2.35,11.85,0.77,0.13,2.9,-2.95,-2.42,0.93,-1.32,-0.13,-4.24,-2.97,-1.64,-2.22,-1.7,1.05999999999999,15.997
1996-12-31,3.2,11.37,4.59,3.8,0.88,6.73,5.21,9.57,3.78,5.6,6.19,4.48,5.6,4.08,3.53,1.78,-3.8,9.79,4.34,0.92,2.29,5.76,10.36,1.07,2.2,-0.03,0.28,1.76,6.56,7.44,4.96,1.35999999999999,19.2609523809523
1997-01-31,2.72,2.74,12.45,-0.19,2.49,2.81,3.17,0.93,1.07,2.2,-3.37,0.19,-1.97,-0.88,0.23,-1.43,17.11,-2.47,-5.75,-0.57,2.57,-4.99,-8.16,4.42,-1.13,-0.84,5.74,-2.84,3.93,-4.71,-0.48,1.51,19.4733333333333
1997-02-28,-1.3,-6.53,-13.61,-3.21,0.7,-6.25,-4.95,-7.48,-2.17,-2.22,-5.31,-4.36,-1.77,-2.98,-4.05,-0.99,-11.43,-4.78,5.26,-2.79,-7.83,-5.97,-5.22,-4.36,-0.13,-6.73,-0.74,1.2,-6.53,-4.27,-5.02,1.46999999999999,20.1394736842105
1997-03-31,3.7,11.39,3.21,3.48,-0.9,8.73,-2.7,6.07,3.31,-5.05,7.25,0.81,3.9,9.86,4.29,1.13,-6.75,4.79,0.02,-1.39,2.49,9.18,6.02,3.63,5.72,0.38,1.64,5.9,6.02,0.69,4.04,1.71,20.1699999999999
1997-04-30,2.55,6.42,9.99,4.97,7.02,8.04,5.95,7.01,4.54,5.55,6.64,8.74,11.85,9.08,6.08,7.0,7.28,-3.57,7.34,3.63,6.56,10.09,10.21,7.81,6.17,8.73,6.4,1.08,5.67,8.12,6.73,1.58,19.6622727272727
1997-05-31,6.94,0.06,2.65,1.29,6.04,4.15,4.5,8.87,6.14,0.61,5.53,3.52,6.9,6.62,3.06,3.81,1.21,1.03,1.28,3.14,3.46,3.4,0.93,3.13,2.27,1.72,6.71,1.11,6.0,4.44,4.1,1.84999999999999,19.9247619047619
1997-06-30,5.64,1.85,1.57,1.87,4.85,4.62,3.46,2.1,7.09,1.32,9.39,9.37,10.05,8.71,8.01,8.37,2.46,9.68,7.43,2.83,2.25,7.91,18.85,5.59,8.04,4.98,8.95,7.27,10.51,3.15,7.31,1.45,20.1942857142857
1997-07-31,-4.21,-12.64,-3.07,-2.11,-2.49,-8.39,-5.61,-6.1,-4.58,0.46,-6.06,-1.61,1.41,-9.29,1.29,-6.42,0.85,-4.92,0.3,-1.16,-2.41,-2.37,-0.79,-2.62,-4.13,1.49,-2.85,-4.99,-5.62,-0.55,-4.1,0.909999999999999,20.5290909090909
1997-08-31,6.51,8.1,-3.16,5.11,7.12,5.26,5.98,6.61,0.56,6.09,4.55,0.6,1.2,8.22,5.69,3.49,5.4,-4.13,6.27,4.62,9.65,3.95,3.89,1.92,8.66,4.35,5.43,5.72,8.21,5.23,5.34,1.24,23.0847619047619
1997-09-30,-1.37,-5.97,-4.32,-0.37,-1.07,-3.56,-7.63,0.09,-4.28,-4.23,-3.12,-7.75,-8.39,-5.21,-3.84,-11.32,-15.1,-15.9,-2.0,0.89,2.88,-3.05,-10.68,-6.16,-1.42,-2.11,-1.24,-5.51,-2.11,-9.51,-3.8,1.19,23.8123809523809
1997-10-31,7.31,7.33,9.2,7.29,4.05,5.36,0.94,2.77,3.13,-2.15,2.54,-4.66,-3.18,11.71,-2.23,6.28,-10.53,-7.78,-3.48,7.18,10.68,2.48,0.64,2.97,-0.78,1.24,6.47,3.45,3.54,2.33,2.99,0.769999999999999,23.8708695652173
1997-11-30,3.15,4.22,5.57,2.4,6.17,2.99,-8.26,3.52,-0.14,1.56,3.9,-0.83,-0.82,-0.18,4.62,-2.12,-5.71,1.71,-1.47,8.01,4.16,-0.51,-4.76,-6.1,1.98,0.31,-0.64,-1.4,5.79,6.51,1.33,0.78,32.2061111111111
1997-12-31,-3.25,-1.99,-7.59,5.68,-0.62,0.64,0.22,5.66,-2.47,-0.56,0.5,3.2,-3.28,4.85,0.74,0.82,-1.11,-8.8,-5.66,-4.38,5.09,3.54,5.08,2.28,-0.19,-0.93,1.75,-2.34,-2.64,-3.22,0.15,0.53,26.2763636363636
1998-01-31,3.97,4.69,4.63,6.53,6.11,9.16,10.85,5.53,8.12,6.99,8.6,3.96,11.55,1.59,12.33,12.23,2.13,8.14,6.78,2.64,2.41,10.62,9.65,5.74,3.94,7.27,11.12,10.77,8.91,7.27,7.03,0.47,23.8665
1998-02-28,4.43,12.48,-3.29,0.14,5.5,4.08,4.76,3.58,5.56,6.08,8.49,2.36,2.42,9.6,6.01,-0.07,10.12,5.2,4.8,6.7,10.09,8.12,-2.18,2.64,6.84,3.24,7.47,6.42,5.89,5.05,4.76,0.44,19.998947368421
1998-03-31,-3.53,-3.08,-10.95,9.33,1.58,1.09,1.54,1.91,2.82,3.8,-1.86,4.43,1.29,-0.87,1.49,0.82,3.62,-0.39,3.74,-2.49,-3.21,-0.37,7.61,2.46,-2.93,1.7,-0.31,0.51,2.09,4.52,0.74,0.65,20.1586363636363
1998-04-30,1.09,2.9,0.63,-6.78,-0.81,-1.19,-0.73,-2.5,1.13,-3.0,-3.19,-9.31,-6.21,-2.53,9.63,-3.03,-12.52,-2.52,-4.27,-1.09,-1.82,-6.16,-7.14,-4.71,-4.7,-3.68,3.8,0.88,-2.3,-3.45,-3.07,0.809999999999999,22.0285714285714
1998-05-31,0.56,6.77,5.88,-2.41,5.88,3.69,1.92,6.2,-3.43,-6.97,-0.58,-5.94,-5.7,5.99,2.23,-2.36,-5.83,-2.52,-1.23,3.0,2.93,13.46,4.64,-6.8,0.99,0.23,6.89,0.65,3.7,-0.15,3.19,0.669999999999999,20.874
1998-06-30,-8.14,-4.49,10.55,-2.45,-2.81,-3.44,-10.98,-0.26,-8.79,-9.13,-5.07,-6.33,-10.09,-2.31,-0.47,-5.38,-7.03,8.26,-6.8,-5.41,3.82,-5.26,3.85,-6.68,-6.08,-3.97,-2.14,-4.31,-1.16,0.23,-2.42,0.47,21.6627272727272
1998-07-31,-8.95,-19.74,-5.15,-22.67,-10.5,-10.86,-22.13,-12.37,-11.91,-16.56,-19.5,-17.76,-19.77,-11.36,-19.81,-19.54,-19.17,-24.84,-10.04,1.96,-12.36,-18.18,-17.49,-15.18,-16.85,-17.93,-13.15,-14.83,-21.97,-18.62,-16.05,0.53,19.93
1998-08-31,4.32,-5.08,12.53,-1.26,-0.34,-5.01,4.22,12.09,0.68,-8.72,-0.52,9.1,2.25,0.02,1.9,5.94,30.88,5.18,13.12,8.17,10.27,15.44,13.18,5.01,1.82,10.83,-0.43,0.89,2.43,8.5,6.19,0.28,31.5880952380952
1998-09-30,9.33,15.75,10.79,7.12,7.66,18.71,6.0,3.83,1.77,2.83,12.13,8.22,13.69,9.95,10.77,14.25,4.16,2.98,1.1,-1.77,6.74,0.7,10.06,9.78,8.11,4.28,12.36,10.62,9.09,7.08,6.98,0.18,38.2047619047619
1998-10-31,4.39,5.78,9.2,12.54,8.43,0.88,5.45,6.19,4.43,8.68,3.88,-2.12,2.9,3.96,5.15,9.19,-0.28,6.1,0.5,1.33,3.66,12.72,10.34,6.47,2.96,1.97,11.04,3.6,6.19,-0.49,6.07,0.409999999999999,36.6081818181818
1998-11-30,-1.82,-0.34,-3.16,-3.08,9.47,5.31,4.26,4.94,-4.56,4.53,5.26,-0.76,0.2,11.69,3.73,-5.62,-0.43,22.42,-1.72,2.86,14.39,14.67,14.09,-0.03,3.88,4.43,10.51,7.27,3.12,-1.1,6.15,0.32,26.223
1998-12-31,-3.9,-1.65,-12.23,8.18,-0.7,-2.04,5.84,0.28,-5.22,-7.15,9.7,3.7,5.76,2.26,7.81,0.21,-2.31,19.02,-5.59,-6.25,9.13,14.43,13.29,-2.55,0.78,-0.7,3.32,1.83,0.33,-5.87,3.48,0.28,25.4790909090909
1999-01-31,-4.15,-1.32,-16.0,4.83,-0.46,-1.36,1.31,0.17,1.11,-8.59,-6.69,-5.31,-3.49,-4.39,-5.43,3.58,-1.78,6.21,-3.59,-3.63,-2.89,-9.87,-12.31,-1.55,-1.22,-5.94,-1.0,7.11,0.63,-0.47,-4.08,0.29,28.0352631578947
1999-02-28,-3.25,-1.67,-9.13,-4.89,2.85,4.81,1.13,2.51,3.59,-6.73,5.82,-2.53,2.75,9.06,-0.89,4.36,0.36,29.82,14.71,-1.64,-0.68,11.91,5.09,1.67,2.98,-3.19,3.5,3.6,2.97,-1.38,3.48,0.74,28.8226315789473
1999-03-31,1.56,5.05,0.09,4.84,5.79,4.18,8.51,-5.53,22.01,8.48,4.5,30.24,16.39,-2.4,9.33,14.54,21.43,22.91,15.45,7.35,7.75,-2.5,6.19,19.85,11.57,5.29,-0.51,-0.77,6.35,17.69,4.34,0.879999999999999,25.3095652173913
1999-04-30,3.63,-0.61,10.0,-5.39,-1.43,-2.99,-2.6,-2.03,-5.98,2.48,-1.33,-7.38,-1.99,-2.58,-5.0,-1.93,-10.64,-12.22,-2.67,6.73,0.66,-2.41,0.03,-4.11,-4.88,2.64,-3.48,-6.91,-3.84,-0.15,-2.46,0.93,23.4785714285714
1999-05-31,0.55,-4.35,4.81,5.52,4.14,1.16,1.74,4.43,2.62,3.47,-7.16,8.8,9.52,10.37,-1.46,6.69,8.55,-23.02,-0.55,-4.49,5.88,8.82,12.86,3.77,1.0,6.04,9.06,3.79,2.83,3.11,4.77,1.10999999999999,26.2045
1999-06-30,-3.74,0.26,-6.91,-6.49,-0.53,-0.97,-9.08,-4.4,-0.1,-3.26,-1.27,-1.13,-1.51,-2.76,-7.67,-0.12,-8.24,-10.71,2.16,-0.58,-1.72,-6.37,2.41,0.48,-2.09,-0.5,-6.15,-2.52,-5.73,-17.23,-3.49,1.15999999999999,23.6263636363636
1999-07-31,-2.0,-3.86,0.56,-1.35,-9.6,2.63,-11.65,3.76,-5.74,-8.68,-2.84,-0.47,-2.01,2.28,4.19,-2.14,0.14,11.51,1.6,0.58,-8.25,1.53,7.8,-3.87,-8.25,-4.65,-6.3,-4.08,-5.12,-7.19,-1.37,1.29999999999999,21.0490476190476
1999-08-31,-4.55,-15.0,-7.05,-2.76,1.17,-10.0,3.9,-7.07,-5.41,-13.54,-10.08,-2.55,-1.48,4.57,-6.72,-6.2,4.29,-11.12,-3.69,-4.28,4.65,3.12,-2.45,-3.35,-6.33,-5.2,2.52,2.09,-5.58,-6.58,-2.77,1.14,24.3236363636363
1999-09-30,9.11,16.46,-24.96,1.15,10.27,11.7,0.52,10.73,2.21,2.4,0.38,1.05,2.29,12.19,2.78,0.14,-3.83,24.85,-2.55,2.16,8.3,2.65,3.17,4.59,7.64,-6.41,5.97,-4.51,14.02,-8.56,6.09,1.16,24.5414285714285
1999-10-31,-6.83,8.86,3.5,5.99,-8.21,0.27,-9.72,1.52,-0.62,2.15,2.78,7.35,0.2,-3.41,-3.47,-4.47,0.69,-1.44,4.03,-7.36,4.61,10.12,14.16,-0.75,-5.04,4.49,4.06,4.75,-3.65,-1.68,3.41,1.04999999999999,24.0214285714285
1999-11-30,-5.79,-8.83,-10.32,7.13,12.94,3.72,3.8,-5.62,6.56,2.55,3.74,22.4,11.57,17.33,3.3,3.61,6.75,19.82,-0.23,-2.37,4.53,24.45,17.29,6.95,0.08,7.97,8.21,-7.12,-1.08,9.52,7.66,1.02999999999999,21.8180952380952
1999-12-31,-8.21,-2.29,-8.77,2.81,-0.84,-6.57,-11.83,7.63,-9.25,-7.59,-10.77,-2.33,-0.56,-12.47,-1.18,-9.23,-6.84,40.75,-1.29,5.54,-3.85,-9.99,-1.28,-8.82,-9.43,8.79,-14.29,-7.32,-4.49,-3.64,-4.74,1.28,22.1590909090909
2000-01-31,-7.01,-11.66,-4.0,-3.02,-0.39,-11.68,-10.57,-2.51,-7.4,-6.0,-6.17,7.26,9.22,-0.72,-8.72,-7.15,-4.23,-3.45,-5.81,-7.07,-3.69,7.64,24.72,-11.7,-5.29,1.44,-4.16,-12.04,-8.8,-0.89,2.46,1.14999999999999,23.202
2000-02-29,9.29,0.18,5.21,10.82,12.46,-14.76,24.94,-0.03,12.47,5.21,12.37,3.47,5.99,16.98,9.92,10.14,4.75,-7.23,13.76,5.89,8.27,2.85,4.72,8.59,12.68,7.25,14.41,16.09,16.95,-0.29,5.21,0.799999999999999,23.5955
2000-03-31,-4.77,3.69,3.83,4.08,-7.47,4.68,3.65,5.04,-3.84,6.37,1.25,-1.05,5.03,0.65,11.73,5.03,-3.75,-15.36,-1.3,7.42,-8.33,-16.44,-6.03,-1.08,3.44,-3.23,-5.5,3.72,-3.69,9.62,-6.39,0.31,22.7182608695652
2000-04-30,14.92,11.9,19.46,1.32,-6.01,2.9,-5.37,3.72,0.05,-3.96,-6.97,-4.49,-9.87,0.24,-14.99,-0.79,1.5,-12.76,11.02,3.96,-9.97,-9.27,-11.47,-1.91,-3.57,1.45,-3.13,-4.25,4.97,5.93,-4.39,0.57,27.1642105263157
2000-05-31,1.72,6.08,3.04,-1.03,-0.35,-2.92,-7.74,10.99,-6.37,-8.93,-1.58,16.08,1.06,0.68,-12.1,-9.76,-5.61,14.81,-6.17,-4.68,3.99,11.35,12.82,-5.87,-1.91,-2.21,-1.98,-3.94,-4.28,1.87,4.68,0.809999999999999,26.3731818181818
2000-06-30,-1.06,6.57,-4.39,-1.73,-1.57,-2.4,5.56,-6.51,0.86,4.55,-2.19,-6.2,-6.18,0.02,4.9,7.16,-7.1,11.38,-2.7,3.87,-6.74,-7.91,-3.26,4.49,9.59,4.26,-1.96,-2.01,8.63,-1.29,-2.48,0.32,21.54
2000-07-31,-2.85,-10.95,19.04,5.41,2.5,3.85,3.04,3.5,2.65,-3.37,5.52,25.05,9.34,7.3,5.94,10.27,4.38,17.94,8.74,11.66,-1.49,11.15,12.84,2.04,-2.83,10.36,-5.29,-0.71,10.11,13.12,7.03,0.00999999999999978,19.893
2000-08-31,4.96,5.46,0.95,-8.92,0.36,-1.47,-0.63,3.67,-3.49,5.91,-3.6,-12.27,-16.36,-10.61,-5.14,7.56,-7.07,-13.73,4.62,8.8,-4.45,-8.98,-17.73,-5.53,-2.74,3.64,2.45,1.62,2.48,-1.15,-5.44,-0.399999999999999,18.0886956521739
2000-09-30,6.03,8.95,22.8,-3.62,-2.75,9.53,3.9,2.06,2.58,-2.79,6.13,-12.15,-4.85,-10.93,2.92,14.15,-3.88,7.16,-2.84,-1.67,-0.17,-7.61,-6.66,10.3,7.74,-2.57,-2.08,4.26,-0.53,-5.21,-2.78,-0.25,19.6875
2000-10-31,4.22,4.19,4.07,-12.85,-5.51,0.25,4.18,0.75,0.92,-0.82,-2.56,-15.65,-9.89,-9.53,-13.36,-0.71,4.9,9.3,-2.55,2.96,-16.53,-19.95,-24.28,0.48,1.38,-6.83,-0.23,5.08,-5.12,-8.12,-10.7,-0.42,25.2
2000-11-30,5.44,-2.59,17.07,-8.97,11.11,3.04,14.59,3.49,10.1,5.78,12.39,1.89,9.56,6.41,-0.12,-0.02,5.54,44.09,7.38,6.47,-4.27,-6.44,-8.29,11.11,4.28,12.84,4.33,2.41,9.8,-0.9,1.18,-0.549999999999999,26.3828571428571
2000-12-31,-4.44,-4.72,0.07,21.4,2.35,-3.67,3.43,-8.51,-4.85,8.89,-0.99,6.15,11.12,2.32,15.09,-5.73,1.6,-2.48,-3.43,-10.23,15.5,17.73,13.93,-3.63,5.77,-1.87,9.76,-3.77,-0.46,-3.32,3.25,-0.61,26.5305
2001-01-31,1.34,-6.32,9.47,-6.31,0.35,-1.16,-11.06,-0.54,-1.86,-2.5,0.66,-23.84,-9.04,-14.24,-0.65,3.4,2.0,23.08,-0.13,6.18,-10.3,-16.31,-31.53,2.5,-5.04,-4.78,-6.17,-0.06,-5.07,1.36,-10.03,0.33,24.9185714285714
2001-02-28,-3.67,-9.48,-0.18,-8.27,-6.54,-8.95,-1.09,-8.59,-4.57,-4.35,-1.55,-8.4,-2.01,-11.88,-2.12,-9.31,-2.3,18.92,-0.19,1.05,-6.0,-13.02,-14.14,-5.92,-2.22,-6.11,-2.0,-5.0,-3.32,-7.7,-7.25,0.189999999999999,23.4115789473684
2001-03-31,-1.7,-2.13,5.68,14.11,5.04,1.62,7.17,4.25,6.08,5.25,2.9,13.33,15.02,9.69,7.47,12.64,6.89,8.44,10.02,5.41,4.01,18.87,15.93,5.85,3.5,8.11,4.97,6.75,4.1,12.75,7.93,0.729999999999999,28.4968181818181
2001-04-30,2.74,4.67,2.24,10.03,3.4,5.46,4.01,2.77,1.19,2.47,2.06,0.21,-0.21,4.47,-3.28,2.38,11.2,-13.69,0.19,0.47,-1.63,1.32,-6.35,1.44,5.08,-0.4,1.68,4.22,3.67,1.26,0.68,1.48999999999999,28.1339999999999
2001-05-31,-0.63,-4.92,-0.5,-4.89,0.44,0.76,-1.89,-2.98,-2.83,4.33,0.1,-7.3,-4.62,-8.07,4.61,-13.66,-4.01,-16.55,-7.42,-6.15,-2.68,3.94,-1.57,-4.16,-3.25,-2.04,-2.61,-3.7,0.69,-0.77,-1.94,1.88,22.9440909090909
2001-06-30,3.13,0.79,-9.19,-6.62,-1.09,4.64,0.09,2.28,-2.94,10.05,0.24,-2.31,-2.42,-5.83,3.79,3.39,-6.19,-16.49,-2.12,-3.84,-0.96,-9.84,-4.33,5.57,0.19,0.2,5.43,3.83,-0.63,-9.07,-2.13,1.85,20.9404761904761
2001-07-31,3.64,6.13,4.67,-0.5,-7.74,1.08,-4.51,-3.1,-1.21,-3.62,0.1,-6.33,-5.37,-2.26,-13.77,-5.63,2.54,6.76,-3.57,0.53,-8.64,-12.98,-11.16,-1.87,-4.74,-4.21,-8.39,1.14,-5.26,-5.25,-6.4,1.61,22.3161904761904
2001-08-31,-0.5,-3.22,2.9,-17.59,-11.31,-5.0,-17.74,-0.63,-9.51,-15.55,-13.68,-22.0,-19.85,-13.38,-17.87,-23.81,-1.35,-15.69,-6.12,-6.6,-2.35,-13.0,-24.51,-8.82,-17.55,-8.56,-9.77,-13.42,-5.53,-11.34,-9.24,1.54999999999999,21.8617391304347
2001-09-30,1.82,1.36,-2.82,8.13,0.08,1.22,7.59,1.26,3.61,5.67,4.7,2.5,10.49,0.36,-1.72,4.13,-4.04,30.0,4.96,1.76,-9.57,10.76,19.58,1.28,4.86,-7.3,3.44,2.86,-1.53,-0.83,2.48,2.24999999999999,35.0653333333333
2001-10-31,0.76,-0.03,1.19,10.87,12.33,6.07,9.77,5.02,11.11,7.24,7.96,15.74,7.86,10.62,17.38,7.87,1.7,-14.09,-4.12,-1.43,5.85,11.33,20.19,9.53,11.99,-3.59,13.05,5.9,6.73,5.76,7.53,2.29,32.721304347826
2001-11-30,2.55,1.61,-1.73,5.51,3.23,1.83,7.05,-2.82,-1.37,12.23,7.97,-2.72,6.6,4.39,-3.41,5.26,4.27,10.22,5.93,4.04,2.6,3.34,-3.94,2.29,3.05,1.05,4.96,4.14,3.15,4.36,1.61,3.03,26.6309523809523
2001-12-31,1.32,-3.76,8.44,5.63,-3.42,2.68,5.39,-2.41,-1.73,4.25,1.7,-0.26,2.14,1.85,3.09,5.37,1.77,-9.45,-2.79,-4.33,-7.15,-4.09,3.35,0.17,6.91,3.37,2.09,6.31,-1.19,-6.52,-1.44,3.36,23.72
2002-01-31,1.28,8.17,5.04,1.08,6.51,2.67,-0.73,-0.45,4.8,5.72,4.85,0.03,3.59,-0.34,5.97,8.24,4.83,-1.18,5.61,-0.36,-2.75,-7.84,-16.68,5.26,1.76,-2.67,0.34,-1.32,-1.11,2.55,-2.3,3.34,22.2528571428571
2002-02-28,1.59,8.35,1.59,8.85,3.29,4.5,4.78,0.54,5.13,0.72,1.73,6.04,10.33,5.1,7.49,3.15,8.07,14.9,7.64,10.29,0.36,3.8,9.73,1.77,2.92,5.27,1.53,5.46,6.29,-0.47,4.24,3.12,22.8757894736842
2002-03-31,1.44,5.04,3.29,3.9,-4.25,0.09,2.89,-7.55,-4.84,9.63,3.83,-7.13,-2.62,-1.42,1.68,-3.3,-0.08,-6.45,-4.55,-0.42,-12.76,-13.71,-8.52,2.18,-6.03,-0.61,-2.21,3.99,-1.02,-12.17,-5.21,3.66,18.985
2002-04-30,2.1,-0.5,4.52,-4.05,-0.26,-0.2,-1.6,-2.28,2.08,0.05,-1.4,0.36,-4.6,3.48,0.63,0.5,6.65,5.58,-0.8,-6.92,3.0,-4.15,-2.71,0.41,-0.1,-5.14,-1.27,-0.02,-0.16,-1.24,-1.36,3.37,19.9004545454545
2002-05-31,-2.87,-0.24,-22.09,-6.94,-5.46,-2.94,-1.63,-9.53,-0.96,-5.23,-2.26,-5.18,-7.37,-6.88,-9.46,-0.28,-9.56,-6.13,0.06,-5.81,-14.4,-5.91,-18.52,-2.75,-0.89,-6.07,-5.12,-4.29,-4.76,-4.59,-7.23,3.37,20.0877272727272
2002-06-30,-9.25,-7.29,3.92,-14.68,-5.18,-2.42,-10.02,-2.76,-9.25,-22.86,-10.62,-20.39,-14.41,-9.12,-12.51,-8.26,-9.74,-30.2,-11.65,-12.14,-11.67,-10.44,-9.2,-6.19,-8.28,-10.54,-11.99,-9.4,-7.03,4.76,-8.19,3.19,25.271
2002-07-31,-1.05,2.4,8.91,5.0,3.52,1.76,-1.1,0.65,1.86,-2.45,-1.99,-4.83,-0.79,0.07,-1.47,-9.65,8.28,9.88,0.58,3.4,0.2,1.55,-3.42,-0.87,-2.21,4.52,1.91,-3.92,2.25,-3.88,0.5,2.83,34.0495454545454
2002-08-31,-4.22,-5.56,-21.53,-5.25,-3.78,-2.56,-6.03,-5.89,-11.15,-6.58,-9.83,-18.46,-9.99,-9.74,-13.29,-9.49,-7.61,-8.14,-7.85,-10.88,-9.85,-14.24,-17.48,-10.3,-6.45,-6.36,-9.49,-13.63,-10.41,-14.63,-10.34,2.47999999999999,33.7427272727272
2002-09-30,8.07,-0.43,4.92,11.15,5.63,3.14,9.65,5.68,5.64,3.93,3.22,6.42,9.74,5.33,-8.58,-0.08,-9.01,4.16,3.14,-0.61,21.94,19.26,15.59,4.12,4.66,5.41,6.46,-0.36,7.28,1.13,7.84,2.09,37.6475
2002-10-31,0.17,-3.07,-6.57,9.48,-1.2,-1.94,5.28,3.78,9.46,12.06,4.97,18.2,12.11,11.27,17.49,7.16,3.72,10.33,2.95,1.58,11.81,10.4,21.41,7.79,3.89,-3.33,2.92,5.67,3.22,5.98,5.96,2.51,35.2430434782608
2002-11-30,0.13,-3.19,8.97,-13.18,-1.02,-0.03,-4.83,-4.09,-4.27,-4.91,-2.02,-10.27,-9.19,-4.49,-7.74,-2.81,12.69,12.11,0.74,3.83,-9.51,-8.62,-15.94,-5.17,-0.98,-2.68,-8.03,-5.63,-4.25,-7.0,-5.76,3.01999999999999,28.175
2002-12-31,-3.86,-5.84,-6.19,-8.02,1.22,-2.66,-4.39,-0.6,-5.91,-4.8,-3.47,-4.78,-5.8,-4.69,-2.99,-3.48,-1.05,-14.24,-2.39,-3.21,-4.11,-2.1,-0.96,-1.47,-5.1,-2.27,-5.1,-5.93,-1.61,-5.12,-2.57,2.63,28.2104761904761
2003-01-31,-5.0,-0.82,1.3,-2.19,-4.77,-2.76,-3.12,-1.96,-4.16,-4.16,0.17,2.28,1.8,-0.09,-5.89,-8.62,-6.68,14.6,1.85,-3.98,-6.45,-1.36,3.07,-1.55,-3.13,-3.45,-0.52,-4.83,-3.26,1.57,-1.88,2.84,27.4242857142857
2003-02-28,0.04,1.05,-19.87,0.41,-2.2,6.47,5.7,3.73,3.42,-1.47,0.97,-3.26,-1.85,-4.46,-3.68,-5.46,-3.03,-3.5,1.54,4.31,-0.43,0.88,-2.21,0.73,4.44,-0.51,5.51,5.18,0.21,5.06,1.09,2.53,32.2184210526315
2003-03-31,4.17,2.18,2.7,14.72,8.09,3.42,7.54,4.27,9.94,12.64,7.72,10.22,8.73,10.05,18.82,9.1,5.8,2.28,-0.5,7.23,11.26,8.01,10.5,3.11,10.64,6.08,9.73,9.51,11.14,13.68,8.18,2.71,30.6342857142857
2003-04-30,5.16,10.22,32.53,6.82,6.49,2.88,4.01,3.94,0.82,3.86,10.61,13.14,6.17,5.82,3.7,11.36,11.69,25.51,8.5,10.16,6.32,5.72,13.86,2.75,4.58,6.93,2.52,8.41,5.61,-1.01,6.05,2.78,23.9919047619047
2003-05-31,0.71,0.81,10.92,4.99,-1.55,-2.57,-0.41,4.16,-1.16,-2.39,0.05,2.15,2.48,-0.68,2.6,6.41,7.09,0.71,-0.99,1.06,2.09,0.81,0.34,1.12,-0.17,4.31,2.8,6.73,0.64,0.79,1.42,2.28,20.2395238095238
2003-06-30,0.3,-1.84,-11.25,-0.63,-1.08,0.76,3.67,0.48,7.89,13.66,0.67,6.92,10.02,6.51,6.25,4.28,11.43,-12.55,-2.52,-5.43,-1.71,2.8,8.49,4.81,1.93,-1.29,4.33,2.32,4.37,0.23,2.33,2.65,20.3623809523809
2003-07-31,0.08,-2.06,2.41,4.58,0.71,1.18,4.96,-2.82,1.7,6.67,5.6,4.64,7.64,6.57,8.71,8.0,9.1,7.52,6.18,1.92,1.26,3.52,8.2,3.69,1.1,3.16,7.91,0.74,-0.53,3.57,2.33,3.55,19.1613636363636
2003-08-31,1.71,-1.56,8.14,-2.93,-0.09,2.17,-1.33,0.3,-6.03,-3.43,-0.12,-3.16,-7.81,-4.42,-5.07,-6.78,0.16,-2.33,-2.18,3.84,-5.52,0.62,-2.64,-2.15,-1.43,0.54,-5.8,1.99,0.58,-0.22,-1.24,3.49,19.2742857142857
2003-09-30,4.15,5.71,6.16,4.61,7.51,4.38,12.23,0.87,6.62,3.41,10.56,19.21,12.7,10.06,9.32,11.11,13.39,9.76,1.56,1.51,6.83,3.31,13.09,7.93,9.25,4.64,9.85,6.93,6.96,-0.88,6.08,3.03,19.5323809523809
2003-10-31,2.38,2.35,11.42,5.11,2.08,-0.89,3.47,1.82,3.02,-0.82,3.82,3.56,3.99,7.3,3.72,-0.29,9.97,1.58,0.64,0.95,-0.63,0.79,3.04,0.97,-1.28,4.39,-0.45,3.91,0.96,0.02,1.35,3.39,18.0234782608695
2003-11-30,1.66,6.64,5.7,5.89,3.01,2.26,0.9,5.64,9.4,1.09,4.61,10.65,3.5,6.04,14.72,10.91,3.34,26.48,13.47,5.86,7.57,4.42,0.08,8.96,1.48,3.12,-3.17,-0.41,4.14,8.22,4.29,3.42999999999999,17.4010526315789
2003-12-31,1.23,-2.89,2.06,0.21,1.21,2.15,-2.01,3.1,-1.93,1.33,-2.19,0.05,-1.53,-0.84,-2.61,2.42,-10.15,-7.38,0.31,1.91,1.65,3.92,4.85,-3.41,-3.84,3.0,-0.2,0.6,3.38,6.07,2.15,3.33999999999999,16.8263636363636
2004-01-31,6.22,2.57,3.88,1.43,1.06,2.98,5.51,0.89,2.66,10.5,6.78,6.37,0.48,-3.24,-1.24,-0.73,6.11,7.14,4.52,2.11,-0.42,-3.06,-2.72,3.53,0.35,2.38,6.72,7.23,2.89,-1.98,1.4,3.26,16.101
2004-02-29,1.68,-0.19,-4.06,1.4,-0.14,1.5,3.06,-3.91,-1.66,-2.11,3.49,-4.48,1.16,0.73,-2.07,-4.73,2.75,6.96,-0.06,1.14,-2.03,-1.54,-2.52,0.64,-0.46,1.92,-0.11,0.8,-0.71,-4.75,-1.32,3.05,15.9984210526315
2004-03-31,3.1,0.38,1.85,-2.35,-0.2,2.21,-1.57,3.51,-0.63,-3.8,-4.34,-8.72,-2.57,-2.47,3.67,2.49,-17.61,2.92,2.66,-3.57,-0.43,-0.51,-8.06,1.24,0.21,0.92,-3.21,-1.01,-4.26,-1.44,-1.81,2.92999999999999,17.6873913043478
2004-04-30,-1.39,2.26,-12.6,0.89,0.48,1.53,0.42,-0.42,0.61,-4.6,2.14,5.85,2.15,0.69,-2.81,0.92,5.02,6.65,0.48,1.26,-2.96,2.1,6.86,0.63,1.91,0.16,0.74,-2.95,1.56,3.45,1.18,3.57,15.6985714285714
2004-05-31,2.32,-0.24,6.11,3.48,-2.01,2.2,4.34,-0.5,5.44,2.79,1.57,9.42,6.0,6.62,5.69,8.95,0.16,13.81,5.36,2.03,0.8,3.48,1.25,5.14,6.4,2.81,-0.34,-0.58,0.54,4.98,1.85,3.6,17.705
2004-06-30,-5.24,-10.04,-3.75,-6.56,-4.35,-5.19,-5.16,-5.93,-3.31,-1.78,-3.57,-0.19,-6.21,-7.27,-3.66,0.92,2.67,-1.5,3.4,1.06,-1.0,-6.14,-10.33,-5.31,-4.44,-11.36,-3.47,2.61,-2.23,0.23,-4.04,3.31,15.3427272727272
2004-07-31,-0.03,1.88,3.22,-1.3,0.0,4.67,0.0,1.64,3.01,1.21,4.01,-0.23,-2.42,1.07,-3.4,0.08,6.66,-5.02,-1.33,3.67,1.17,-2.87,-5.94,0.14,-0.9,-2.45,-0.81,-2.59,3.12,-0.83,0.07,3.08,15.5023809523809
2004-08-31,-0.82,-7.95,-2.52,4.63,1.27,-2.88,2.77,-1.41,4.48,3.52,4.92,7.97,6.01,2.08,2.09,0.56,5.91,8.78,8.82,1.38,1.33,4.25,2.53,0.02,3.16,-0.03,2.89,4.82,0.12,1.96,1.6,2.55999999999999,16.6840909090909
2004-09-30,3.61,1.08,2.95,2.7,2.31,-3.6,5.07,-2.43,0.32,6.33,0.8,-3.58,-0.97,2.76,-4.32,-2.36,-1.65,-0.12,0.65,4.24,3.31,4.2,5.51,-3.3,6.74,2.72,3.31,2.95,0.62,0.66,1.42,2.46,14.0809523809523
2004-10-31,3.35,-0.7,17.31,6.94,2.75,4.06,4.05,0.67,8.76,5.07,6.7,13.05,7.74,8.06,8.07,6.78,3.29,25.7,6.31,4.89,3.63,6.4,5.22,5.87,5.4,8.4,2.47,7.43,4.61,3.66,4.53,2.17999999999999,14.9738095238095
2004-11-30,5.02,4.36,7.38,7.77,1.19,4.12,5.61,5.66,2.79,4.2,6.12,-1.62,3.18,3.96,5.02,0.49,-2.61,-3.02,-2.31,2.48,4.18,3.23,3.03,3.6,4.13,5.95,3.07,5.08,4.16,3.69,3.42,2.17,13.577619047619
2004-12-31,0.48,-0.67,4.41,-4.69,-3.38,-1.26,-2.56,-4.08,-1.45,-3.32,3.16,-0.37,-5.11,-0.35,-8.01,-1.17,-2.73,4.55,2.99,1.76,-4.24,-5.7,-6.28,-3.28,-6.89,-2.73,-0.94,0.37,-2.08,-0.79,-2.75,2.06,12.4595454545454
2005-01-31,-0.89,1.47,3.16,-0.95,0.11,0.02,2.09,2.44,8.27,0.81,3.76,9.77,6.22,2.99,-0.34,4.31,9.31,14.2,19.57,2.36,-0.44,-1.53,1.75,2.4,2.38,3.12,0.07,1.13,-0.25,-0.5,1.88,1.65999999999999,13.4379999999999
2005-02-28,-1.24,-0.99,0.32,-0.82,-1.44,-0.59,-1.08,-0.48,-2.04,-6.42,-3.64,-7.55,-2.92,-2.44,-8.55,2.36,-5.26,-3.58,-3.44,0.61,-0.04,-2.12,-2.59,-0.53,-0.86,-1.8,0.71,0.29,-3.23,0.55,-1.94,1.64,11.708947368421
2005-03-31,-0.01,2.21,-1.38,-4.66,-2.59,-2.57,-7.3,3.95,-7.45,-5.93,-1.85,-9.71,-5.41,-7.93,-11.18,-0.82,-9.9,-6.08,-5.58,2.13,-2.0,-4.56,-4.32,-7.91,-6.14,-2.69,-5.66,-5.84,-0.87,-0.73,-2.61,1.77,13.1263636363636
2005-04-30,2.13,2.41,3.1,4.41,-0.84,1.69,6.63,1.48,0.22,5.9,5.86,0.19,5.69,7.34,10.23,5.31,2.32,10.34,1.95,1.66,1.5,5.12,10.34,0.64,4.97,4.27,6.67,8.1,3.32,1.34,3.65,1.37,14.4590476190476
2005-05-31,-2.1,-3.94,-2.24,-0.75,-0.28,-2.56,5.81,-0.58,-0.96,1.65,3.61,-2.7,0.58,-2.86,2.91,0.18,5.87,7.3,5.75,5.56,0.19,-1.17,-1.13,-3.17,-2.92,1.5,3.04,-2.46,2.42,-2.68,0.58,1.06999999999999,13.967619047619
2005-06-30,2.46,1.66,3.78,3.55,2.84,3.44,3.28,3.72,4.63,2.81,9.57,13.15,10.38,6.67,7.56,2.42,4.26,20.92,5.54,2.98,3.13,5.33,6.66,5.09,8.17,5.21,6.03,4.55,1.74,-0.24,3.92,0.879999999999999,11.8686363636363
2005-07-31,-2.0,0.5,4.47,-0.97,1.58,-1.07,-3.96,-0.31,-6.05,-2.2,-2.37,-0.78,1.19,0.39,-4.14,-0.04,2.81,8.77,5.73,1.25,-1.2,0.41,-1.19,-2.98,-3.38,-1.39,-6.6,-4.82,-1.45,-2.07,-1.2,0.94,11.049
2005-08-31,0.92,0.54,4.74,-1.86,-3.33,1.53,-1.85,-1.93,-1.85,-4.57,2.74,3.08,-0.19,2.27,-5.18,1.52,14.24,9.49,7.2,4.38,-1.47,-0.24,1.46,-0.12,3.85,-0.08,-2.2,-0.27,1.17,0.21,0.48,0.579999999999999,12.951304347826
2005-09-30,-2.88,0.52,1.73,-3.97,-6.11,-3.28,-2.3,-3.26,2.33,-4.07,-7.18,-4.33,-4.63,-3.91,-7.86,-4.5,-5.99,-9.74,-10.17,-6.85,-3.03,1.21,-4.44,0.65,2.65,-1.99,2.19,0.16,2.51,1.05,-2.04,0.869999999999999,12.6280952380952
2005-10-31,-0.27,1.54,-2.6,5.36,2.69,3.1,6.25,1.59,3.42,5.19,5.6,12.91,7.07,6.44,-1.08,4.68,7.4,0.66,1.02,-0.22,2.64,5.33,7.33,7.5,7.45,4.55,3.68,6.83,4.49,4.65,3.61,0.68,14.937619047619
2005-11-30,-0.01,-2.11,4.27,-1.02,-1.84,1.55,-0.24,2.4,0.58,0.9,-0.22,3.67,0.66,-0.63,-1.51,2.7,7.61,1.52,0.41,1.24,-1.73,-2.21,-1.46,1.4,1.78,1.06,-1.06,1.0,0.31,-0.45,-0.24,0.63,12.147619047619
2005-12-31,1.77,-0.74,-2.33,3.94,0.37,2.66,2.48,2.19,3.24,-3.05,9.48,14.93,11.57,6.58,5.03,1.95,17.08,15.14,12.48,3.03,3.86,3.02,4.79,-2.6,4.81,6.91,0.7,4.34,1.29,-2.17,3.03,0.399999999999999,11.26
2006-01-31,1.46,1.94,-0.04,1.03,1.49,1.1,0.24,1.05,-0.29,3.41,-3.29,-2.96,-0.83,3.23,-2.31,5.05,-8.86,-8.53,-8.14,0.23,3.3,-2.31,0.63,0.92,1.21,1.56,1.28,2.13,1.6,1.06,-0.3,0.16,12.036
2006-02-28,3.15,0.27,0.08,3.45,-0.02,-0.4,3.37,-1.01,1.31,-2.01,3.06,12.14,3.16,5.09,2.32,3.67,6.69,5.81,3.95,-3.65,1.8,2.8,3.02,3.01,4.44,3.87,2.23,2.34,0.64,5.08,1.47,0.04,12.4710526315789
2006-03-31,1.94,0.97,3.43,2.41,-2.52,1.45,-1.16,-1.86,2.93,1.15,-0.13,7.65,5.93,0.76,-1.08,5.18,7.81,20.78,4.05,1.82,1.47,-1.54,-0.27,5.74,0.32,-3.21,-1.35,-0.16,2.81,-0.05,0.73,0.34,11.6939130434782
2006-04-30,3.2,3.62,-1.09,1.34,-2.39,-4.2,-5.44,-2.2,-2.26,1.37,-8.46,-4.63,-3.67,-4.28,2.56,-1.27,-11.59,-1.64,-3.53,1.51,0.0,-5.85,-7.35,-2.55,-1.72,-2.13,-1.4,-3.71,-3.6,-0.27,-3.56,0.419999999999999,11.8473684210526
2006-05-31,-0.27,-0.81,3.15,0.78,-0.34,0.88,-0.24,-0.11,-1.11,1.47,-3.57,2.9,-0.92,1.29,1.79,-0.27,1.18,-6.06,3.06,2.42,2.95,0.6,-3.14,-2.8,4.29,-1.18,0.47,1.64,-0.43,-2.05,-0.35,0.379999999999999,14.4545454545454
2006-06-30,1.84,4.45,9.11,-7.14,-1.84,0.42,-3.08,4.12,-4.31,-3.12,-7.42,-4.12,-5.92,-6.13,-3.75,-3.25,-2.12,-12.59,5.67,4.83,2.44,-2.97,-4.77,-4.99,-11.15,-2.0,-4.74,-6.06,1.38,-0.17,-0.77,0.28,16.9186363636363
2006-07-31,2.6,2.25,4.21,2.47,4.25,6.75,4.19,2.33,3.87,1.37,1.72,-2.59,-0.72,1.4,3.12,-0.65,2.48,-10.42,-3.05,2.28,2.28,4.49,9.1,2.49,-1.19,1.61,2.38,2.97,1.5,4.01,2.03,0.0200000000000004,15.3259999999999
2006-08-31,0.11,-0.13,-6.38,4.86,1.09,1.7,9.09,1.53,2.46,1.92,-1.58,0.07,0.17,3.46,3.33,3.75,-6.89,-15.05,-3.51,-2.12,3.66,4.2,2.85,2.02,4.14,1.39,6.31,7.17,3.59,3.07,1.84,-0.179999999999999,13.3517391304347
2006-09-30,0.34,0.43,5.4,8.71,5.69,3.21,8.04,1.7,5.77,0.26,5.14,10.76,3.09,4.92,3.89,2.99,8.6,14.5,4.98,5.36,5.2,6.06,2.14,4.92,6.1,4.73,3.17,7.7,2.01,2.77,3.22,-0.129999999999999,12.1845
2006-10-31,1.12,-0.46,3.55,4.75,2.22,0.46,4.25,0.07,2.82,3.67,6.37,8.83,4.17,2.01,1.0,4.5,7.38,5.85,8.65,3.06,0.63,2.09,4.02,2.66,2.05,2.33,-2.26,1.75,0.9,1.36,1.7,-0.339999999999999,11.3063636363636
2006-11-30,1.53,2.43,3.04,4.25,1.78,1.26,0.16,0.13,1.06,-1.47,-0.39,-2.62,0.07,-0.54,1.52,0.02,-2.85,-12.66,-1.67,0.73,4.33,-0.11,-1.31,1.03,-2.27,-0.36,1.76,2.16,3.75,4.12,0.85,-0.44,10.817619047619
2006-12-31,1.29,1.65,1.42,6.17,-0.49,2.03,3.01,3.51,3.74,7.65,2.87,9.72,1.32,3.52,6.12,4.08,7.11,1.51,-1.4,0.48,2.73,3.26,1.15,1.35,4.35,4.02,3.96,1.03,0.37,-1.33,1.38,-0.179999999999999,10.9645
2007-01-31,-0.5,-2.64,-3.23,-4.5,-0.01,-1.43,1.57,-2.85,2.11,5.07,-0.89,1.95,2.55,-1.54,0.94,-1.6,7.14,1.93,-2.21,4.16,-2.78,-3.2,-1.14,1.48,-0.67,0.04,-0.45,-1.58,-2.52,-2.53,-1.96,-0.16,11.0425
2007-02-28,3.18,2.49,4.92,-0.09,-1.3,-0.93,0.7,-0.25,2.05,-3.82,-4.27,6.03,2.59,-0.26,2.5,0.52,2.11,2.4,5.99,4.33,2.31,1.17,0.26,1.21,-0.45,2.75,0.42,1.15,-0.37,1.45,0.71,-0.45,11.1552631578947
2007-03-31,3.91,4.85,2.73,1.67,2.86,3.6,1.58,6.78,1.82,8.54,3.97,3.37,6.61,6.29,5.83,6.34,5.39,14.4,4.92,3.92,1.74,4.18,5.02,5.46,3.07,1.41,2.15,2.4,3.64,2.77,3.49,-0.25,15.1627272727272
2007-04-30,1.32,3.41,2.61,1.45,6.35,-0.93,4.95,1.14,5.04,9.74,7.18,10.49,5.8,7.51,3.99,6.22,6.23,13.28,6.99,1.19,7.31,4.27,4.1,4.26,4.65,2.98,1.96,3.63,2.81,2.2,3.23,-0.16,12.933
2007-05-31,0.28,-2.06,-0.07,-1.82,-2.57,-3.14,-0.53,-3.37,1.93,0.09,-5.2,-3.33,1.62,-1.17,5.1,-1.75,1.26,-8.56,1.11,-4.82,-1.8,-1.27,2.05,-0.8,-2.35,-1.71,-1.77,-4.05,-3.68,0.78,-1.96,0.3,13.2977272727272
2007-06-30,-4.35,-1.16,-4.95,-1.82,-7.71,-0.29,-4.55,-4.02,-0.72,-3.75,-5.7,-4.6,1.21,0.19,-7.87,3.91,7.23,-13.81,-0.78,-3.73,-3.11,-3.0,-0.08,-2.27,-1.23,-4.8,-5.54,-1.95,-7.43,0.24,-3.72,0.35,14.947619047619
2007-07-31,2.85,3.44,4.06,3.15,-6.98,2.4,-2.77,2.32,2.1,-2.65,-2.2,-2.35,1.25,1.21,-1.49,-1.6,-4.12,-1.06,0.26,1.84,-0.86,1.25,3.67,-0.24,-1.85,1.86,1.31,2.63,1.61,2.3,0.94,-0.04,17.2733333333333
2007-08-31,5.14,6.84,1.23,10.07,-1.28,5.66,2.32,3.54,5.19,-5.33,-1.32,7.58,4.66,4.65,6.04,7.52,13.46,13.61,7.71,3.48,2.05,3.85,3.73,1.65,0.11,1.03,-1.77,2.76,1.89,5.32,3.22,0.629999999999999,25.0260869565217
2007-09-30,1.72,4.16,4.56,-0.12,0.82,1.27,-1.5,1.41,3.28,5.54,4.49,2.73,-1.16,-0.25,0.52,-0.84,10.82,19.18,2.41,6.56,-2.18,9.58,3.97,0.95,2.63,2.67,-0.12,4.69,-1.44,2.85,1.79,0.869999999999999,22.198947368421
2007-10-31,0.46,2.14,6.52,-8.22,-8.74,3.63,-8.23,0.01,-4.39,-6.04,-8.87,-6.62,-2.73,3.67,-13.39,-3.73,-11.49,3.92,-4.56,-0.71,-6.25,-7.51,-7.58,-5.74,-3.78,-7.36,-2.79,-5.02,-6.2,-2.65,-4.8,0.64,19.115652173913
2007-11-30,1.82,-1.03,-2.2,-4.23,-1.08,-1.24,-7.32,-3.95,4.23,-6.13,-0.5,2.19,3.22,0.61,-2.66,0.28,-0.94,13.81,7.52,0.9,-0.25,1.74,0.39,-0.15,-3.6,-0.56,-3.05,-4.44,-4.13,-1.44,-0.87,0.89,25.5823809523809
2007-12-31,-6.92,-7.88,-0.61,-8.75,-6.89,-8.49,0.01,-4.61,-5.77,1.37,-2.17,-9.84,-9.89,-10.56,-4.6,-7.12,-6.06,-3.19,-9.29,-6.93,-7.78,-9.25,-14.17,-4.34,2.89,-4.09,1.6,-6.37,-1.12,-4.08,-6.33,0.75,21.651
2008-01-31,2.98,1.14,-2.91,-6.05,-9.31,0.07,-4.53,-0.93,4.18,-1.82,-5.89,8.15,3.31,-1.18,-6.85,-2.41,10.17,8.7,6.88,-3.03,-3.85,-5.59,-1.75,-3.41,-4.5,-2.09,-5.83,-0.46,-10.81,-2.2,-3.09,1.75,25.8161904761904
2008-02-29,0.64,3.76,-0.25,-2.09,-5.31,3.55,3.35,-1.77,-1.78,-0.81,2.41,0.23,-0.65,0.35,-3.89,-3.75,-7.21,-7.65,-2.73,0.81,-0.05,0.34,0.36,-0.45,2.67,-2.19,2.54,2.98,-3.93,3.64,-0.94,1.71999999999999,25.456
2008-03-31,2.96,-2.71,-9.48,-0.89,2.39,-3.54,2.59,0.43,9.41,8.19,3.96,6.48,9.57,2.58,13.85,9.28,10.14,21.06,10.29,6.39,4.62,6.25,6.8,-0.71,6.32,1.12,5.68,4.69,5.51,-5.3,4.61,2.09,27.1035
2008-04-30,2.14,1.44,10.12,-0.61,1.17,0.05,3.56,1.62,3.17,-2.29,4.26,9.25,5.85,11.22,-2.97,0.15,4.05,23.6,3.59,3.59,4.79,4.49,6.23,2.17,3.84,6.94,0.39,-1.24,-4.23,-1.54,1.87,2.36,21.5627272727272
2008-05-31,-8.24,-5.05,-6.2,-19.54,-11.42,-7.92,-12.5,-3.01,-4.5,-15.11,-11.67,-5.8,-6.05,-12.18,-22.87,-16.69,0.12,21.14,2.03,-0.41,-10.92,-7.68,-9.74,-13.29,-10.46,-7.25,-8.17,-10.0,-17.54,-11.1,-8.43,2.20999999999999,18.3033333333333
2008-06-30,3.01,2.6,3.59,0.02,-5.59,8.01,-3.79,6.75,-0.62,-10.41,-1.57,-11.68,-5.02,-0.2,-3.71,1.1,-13.34,-22.94,-15.28,-7.1,-3.09,-1.04,0.3,4.25,6.15,1.32,0.76,1.57,7.21,0.97,-0.75,2.12,22.1104761904761
2008-07-31,-0.52,1.18,3.33,3.73,3.95,5.92,8.79,1.77,-2.77,14.45,4.24,-6.78,0.23,-1.35,0.11,3.6,-5.76,-6.19,0.26,-0.46,4.0,1.94,2.93,3.04,1.65,3.16,6.15,4.03,0.39,1.54,1.53,2.34,24.3218181818181
2008-08-31,-3.74,1.87,-6.08,-14.62,-13.47,-0.42,-0.95,-5.95,-18.53,-5.31,-11.26,-30.98,-21.06,-15.82,-10.76,-14.92,-25.73,-38.06,-10.93,-11.84,-12.61,-8.39,-15.81,-6.13,-9.81,-10.09,-5.19,-4.78,-4.88,-2.83,-9.35,2.14,20.6957142857142
2008-09-30,-10.35,-16.65,-6.55,-30.23,-26.11,-13.36,-21.96,-11.03,-21.24,-28.09,-29.36,-32.41,-29.77,-24.71,-36.43,-15.57,-34.57,-29.31,-16.38,-11.12,-15.53,-18.83,-17.68,-18.52,-10.52,-20.9,-14.53,-12.51,-20.18,-18.52,-17.2,2.95,30.2385714285714
2008-10-31,-8.65,5.54,-7.33,-21.31,-12.66,-2.45,-14.3,-7.33,-16.03,-27.93,-3.07,-12.24,-8.24,-0.13,-6.2,-12.12,2.33,-29.29,0.94,1.26,-1.58,-9.08,-11.63,-4.65,-10.27,-11.45,-7.58,-6.43,-14.23,-10.26,-7.74,3.57,61.1773913043478
2008-11-30,1.35,-1.67,1.36,9.66,-1.09,-2.08,3.7,6.74,-2.36,13.08,4.65,16.66,3.0,5.6,-3.01,7.96,14.38,-4.32,-2.4,-2.04,3.47,2.51,1.84,-5.35,-1.31,6.46,3.54,11.12,1.53,-2.89,1.77,2.92,62.668947368421
2008-12-31,0.36,-7.38,-6.63,-13.08,-13.19,-10.85,-11.8,-2.2,-6.5,-25.21,-13.95,-16.63,-9.82,-11.94,-9.95,-4.4,-8.84,2.13,-3.64,-0.84,-10.32,-3.51,-3.08,-9.99,-15.84,-1.42,-8.65,-7.76,-20.79,-14.09,-8.09,2.14,52.405
2009-01-31,-8.44,-4.74,-8.55,-15.21,-14.03,-11.08,-8.47,-10.82,-8.26,-28.67,-14.67,-18.81,-12.92,-15.33,-10.19,-18.75,1.02,-4.96,-12.66,-12.52,-6.95,-4.08,-6.87,-12.71,-12.27,-8.64,-1.21,-7.46,-15.41,-18.98,-10.14,2.63,44.683
2009-02-28,3.78,7.09,7.33,7.93,6.88,0.53,15.69,7.41,16.48,29.81,12.91,12.13,11.63,7.73,11.96,5.08,15.55,0.27,4.04,2.82,7.95,9.48,13.08,7.71,8.42,4.17,11.34,9.1,14.75,10.57,9.01,2.76,45.5705263157894
2009-03-31,5.8,-1.44,2.22,36.1,33.45,8.65,21.64,-0.94,17.09,59.18,23.97,25.89,19.84,22.71,49.46,17.12,3.95,15.22,4.32,2.09,9.65,9.97,14.28,21.36,15.49,15.08,9.4,9.17,17.12,16.04,10.17,2.5,44.7954545454545
2009-04-30,4.69,9.49,12.62,7.23,1.31,4.56,3.03,6.21,6.98,-7.06,-1.96,9.7,4.32,-1.74,-3.28,9.06,17.75,35.19,9.94,4.64,1.05,3.12,2.18,3.87,2.04,4.89,-2.97,5.79,10.01,3.56,5.21,3.02,38.0638095238095
2009-05-31,0.11,1.6,1.21,-4.09,-2.81,0.69,-3.18,3.61,-6.81,-7.78,-1.71,3.35,-2.46,1.45,5.11,-3.55,-8.47,-12.09,-4.58,4.64,1.65,4.57,4.55,3.78,0.85,-0.64,0.0,-3.14,-1.8,-5.03,0.42,3.33,31.9779999999999
2009-06-30,7.97,3.71,7.46,14.51,16.25,10.22,11.92,5.48,17.01,36.16,13.98,3.76,14.9,12.74,16.39,5.64,13.09,15.47,5.08,4.41,5.54,5.23,10.36,15.12,11.01,9.08,7.24,2.34,8.66,9.15,7.74,3.34,29.1404545454545
2009-07-31,0.61,-0.73,0.33,9.53,9.25,-0.78,3.46,2.2,1.81,1.65,6.24,3.64,1.78,2.28,1.7,11.17,3.34,1.28,0.77,0.25,0.73,2.44,2.19,4.27,3.54,4.67,3.88,3.14,9.99,3.45,3.33,3.34,26.1627272727272
2009-08-31,1.0,7.74,4.55,10.47,0.78,6.42,12.43,2.18,6.87,1.16,-0.82,6.45,8.73,7.34,2.56,5.7,9.99,16.27,4.81,2.24,6.49,4.75,5.61,2.7,3.35,4.04,2.11,3.57,1.36,7.69,4.08,3.25,25.3371428571428
2009-09-30,-1.76,0.98,-0.28,-9.63,-1.82,0.66,-2.67,-3.47,-4.03,-6.63,-6.88,-12.11,-0.16,-5.78,-2.54,-4.43,1.39,-0.02,2.55,-2.71,-3.98,0.43,-3.9,-1.4,-5.66,-2.8,0.87,-3.04,-4.95,-7.07,-2.53,3.17,24.9266666666666
2009-10-31,4.19,5.27,2.17,7.93,3.54,7.26,1.7,8.07,9.78,3.01,0.5,7.51,5.99,5.86,11.02,9.27,14.99,10.58,3.0,4.58,6.84,5.39,4.34,7.73,11.7,4.48,4.58,7.8,4.66,6.74,5.63,3.36,24.2522727272727
2009-11-30,3.16,-0.72,3.27,-0.25,15.47,-1.99,4.54,2.47,2.36,11.02,6.65,15.7,3.83,5.19,6.39,3.58,-4.35,7.3,-0.77,5.87,6.42,5.45,6.63,4.27,4.59,5.07,1.32,2.69,0.55,-1.94,2.8,3.15,23.7889999999999
2009-12-31,-1.05,-3.7,-3.32,2.15,1.44,0.79,-3.23,-0.01,-3.97,-8.48,-1.65,-12.49,-6.54,-4.79,0.96,0.59,-15.04,-7.26,-4.76,-4.45,-6.77,-6.9,-8.05,-5.58,-4.26,-2.5,-1.92,-0.94,-0.65,6.51,-3.35,3.79,21.2395454545454
2010-01-31,2.74,0.25,4.39,5.5,-1.9,3.53,6.5,0.38,5.43,15.71,3.02,4.48,8.35,10.47,6.76,4.0,13.2,10.64,2.31,-0.42,2.76,2.96,6.25,3.03,6.88,5.94,4.32,4.47,2.91,2.81,3.39,3.55,20.6431578947368
2010-02-28,4.08,6.13,6.11,12.73,5.51,2.01,11.56,3.63,7.31,8.04,7.16,11.99,6.32,7.08,8.83,11.09,9.15,1.95,3.24,3.12,7.63,5.08,8.19,5.93,7.96,5.99,6.18,8.47,8.31,6.49,6.3,3.48,22.54
2010-03-31,-1.59,-1.77,-2.46,11.95,1.73,1.18,4.36,-2.18,3.06,11.42,10.55,-2.94,6.02,4.51,4.73,2.79,-0.35,-1.97,4.3,2.85,3.41,0.73,3.83,4.18,3.3,3.2,1.83,7.45,1.13,0.83,1.99,3.67999999999999,17.7673913043478
2010-04-30,-5.46,-3.89,-7.66,-7.33,-10.13,-4.22,-5.97,-8.08,-10.07,-9.75,-10.67,-7.48,-10.33,-10.12,-10.04,-9.67,-5.75,-15.12,-10.06,-6.3,-5.85,-8.28,-7.24,-8.93,-5.69,-4.03,-5.85,-5.24,-9.09,-9.53,-7.9,3.53,17.4242857142857
2010-05-31,-2.09,-1.66,3.31,-9.24,-8.53,-3.2,-9.37,-1.66,-7.89,-14.61,-12.66,-13.3,-5.45,-7.12,-9.83,-6.05,-5.83,-9.34,-6.16,-0.71,-3.84,-6.72,-6.05,-2.28,-7.55,-5.23,-10.6,-5.4,-7.22,-1.07,-5.56,3.15,31.9295
2010-06-30,5.07,8.36,10.74,7.74,5.27,4.08,8.29,2.14,14.74,6.49,7.91,8.26,14.15,13.59,15.99,10.34,8.34,14.05,7.45,6.81,9.59,8.09,6.45,7.73,10.66,3.21,4.65,7.09,6.53,4.16,6.92,2.79,29.9163636363636
2010-07-31,-0.37,-0.02,0.02,-1.29,-10.04,-3.83,-7.49,-1.7,-0.42,-5.53,-6.28,-8.76,-8.22,-7.08,-10.49,-8.22,1.82,-6.21,-3.33,0.36,-1.99,-5.06,-8.4,-6.1,-5.17,-7.5,-4.19,0.37,-8.49,-4.17,-4.78,2.79,25.565238095238
2010-08-31,1.65,4.96,9.77,14.32,13.0,3.79,17.73,9.0,9.93,13.36,10.25,12.16,16.01,14.18,13.62,10.33,11.25,13.49,9.04,3.65,7.88,11.47,13.79,9.12,10.21,9.83,13.64,7.5,7.24,8.12,9.55,2.33,24.745909090909
2010-09-30,6.03,1.87,5.35,12.72,7.08,4.4,3.43,1.94,8.35,3.22,1.66,4.66,4.58,4.98,9.89,5.96,8.67,6.85,4.48,1.86,4.56,7.66,4.48,3.51,5.4,4.91,1.31,6.01,1.69,-1.53,3.87,2.36999999999999,22.517619047619
2010-10-31,-1.96,1.96,-3.9,7.45,-3.06,-2.52,9.1,-3.34,0.82,-1.27,2.96,2.93,6.68,4.06,6.52,-0.51,3.15,14.57,5.14,-1.36,-1.89,-2.23,1.03,0.32,2.3,0.19,4.97,4.13,-0.3,-0.6,0.59,2.51,20.3733333333333
2010-11-30,5.71,3.53,4.23,-0.6,8.41,5.69,0.91,5.45,7.54,4.13,12.32,13.27,10.41,5.63,8.67,4.39,13.9,14.46,9.18,3.23,6.59,7.12,5.2,4.79,3.27,6.79,3.46,-0.29,10.56,7.67,6.82,2.64,20.0957142857142
2010-12-31,-0.66,-3.59,-3.3,1.65,2.77,-1.03,-3.53,-0.72,1.58,-3.75,4.66,3.9,5.49,3.77,0.02,5.0,-7.43,1.76,7.18,2.18,0.05,2.42,4.85,3.12,-0.5,2.92,-1.27,-2.76,2.54,5.6,1.98,3.17999999999999,17.5695454545454
2011-01-31,5.13,0.57,8.65,2.06,3.11,1.38,8.48,3.33,5.0,7.13,1.51,3.94,4.1,2.73,-3.03,2.91,1.12,0.13,7.97,2.42,7.4,2.43,3.07,3.33,1.4,2.89,1.4,4.13,2.72,4.71,3.48,3.27,17.3155
2011-02-28,1.63,3.36,6.38,-0.58,0.31,0.13,-4.07,2.26,1.95,4.43,2.55,0.76,4.3,0.96,1.71,2.6,0.23,8.92,1.82,0.92,1.68,0.2,-2.5,1.56,3.44,1.43,0.51,1.95,-1.58,-2.45,0.45,3.27,17.43
2011-03-31,4.33,3.93,5.37,6.22,0.21,5.03,8.1,6.25,4.49,4.95,0.08,0.52,1.64,0.32,2.28,4.17,-0.6,-2.79,1.78,4.0,3.26,2.87,3.05,1.75,3.04,4.16,5.17,1.15,0.67,1.34,2.9,3.38,20.7234782608695
2011-04-30,2.5,0.54,4.52,-0.52,2.57,2.99,0.64,1.99,-3.63,2.79,-2.2,-5.3,-5.83,-6.09,-3.35,-1.8,-5.65,-5.78,-4.46,1.32,0.77,-2.38,-1.28,0.35,-0.28,1.34,0.2,4.49,-2.67,-3.59,-1.27,3.28,16.244
2011-05-31,-0.31,0.62,-5.62,-1.45,-1.37,-2.69,3.88,-1.87,-0.29,-6.46,-3.27,-1.94,-0.48,0.2,-1.54,0.21,-1.8,-5.9,-2.16,-0.34,-1.38,-1.01,-3.47,-0.57,-0.42,-2.02,-1.37,1.65,-2.3,-1.99,-1.74,2.98999999999999,16.9114285714285
2011-06-30,-0.49,-2.98,2.84,4.13,-3.56,-2.82,2.37,-3.67,-2.05,-6.24,-6.24,-6.23,-4.66,-9.33,-9.81,-5.96,0.3,0.62,0.48,-0.33,-4.98,0.14,-1.57,-6.67,-5.13,-4.53,-0.08,-0.11,-3.91,-4.77,-2.35,3.15,19.1531818181818
2011-07-31,-1.83,2.26,0.34,-5.64,-6.51,0.64,-5.81,-3.13,-8.35,-6.96,-8.57,-13.21,-8.13,-7.92,-12.18,-7.24,-1.87,-19.6,-9.57,0.2,-5.04,-6.67,-7.23,-5.79,-7.04,-4.06,-3.33,-0.68,-9.34,-4.7,-5.96,2.71999999999999,19.2275
2011-08-31,-4.73,-3.84,-4.91,-19.53,-8.29,-3.74,-5.14,-3.97,-15.87,-14.35,-15.92,-20.58,-16.42,-13.74,-13.8,-4.88,-23.25,-29.94,-11.67,-1.61,-5.72,-4.89,-5.34,-10.28,-9.29,-8.14,-2.85,-5.37,-11.25,-5.24,-7.58,2.21,35.0291304347826
2011-09-30,5.51,1.91,7.59,15.53,9.85,4.26,16.54,5.52,18.11,14.29,22.13,18.15,22.95,18.69,23.77,11.11,20.17,28.37,15.94,6.7,7.61,11.97,12.08,11.01,15.1,13.79,9.08,10.14,13.47,9.26,11.33,1.9,36.53
2011-10-31,0.39,0.51,7.16,-2.64,-0.55,0.74,-3.72,1.3,-0.84,-1.07,2.79,-1.46,2.22,5.78,-8.65,1.86,1.12,-6.31,2.39,1.01,0.3,-1.8,-1.99,1.06,1.35,1.15,0.82,2.42,-3.16,-1.26,-0.27,2.16,32.8290476190476
2011-11-30,0.53,3.97,3.62,-4.72,3.66,2.15,-2.31,3.47,0.13,0.81,-0.94,-5.25,-3.97,-4.47,-1.55,0.36,-7.32,-13.66,-0.01,2.91,3.12,-1.61,-0.75,1.07,1.17,-0.02,0.33,4.01,1.76,3.77,0.75,2.07,31.9419047619047
2011-12-31,3.01,-2.32,-4.66,12.26,0.9,-1.2,9.7,3.43,11.3,7.03,7.88,12.34,12.63,10.27,13.21,4.9,14.71,1.43,1.0,-2.71,2.37,5.92,10.66,4.56,6.63,6.1,4.02,3.23,7.35,3.86,5.05,1.86999999999999,25.047619047619
2012-01-31,1.31,0.78,10.53,5.93,2.95,6.56,6.38,1.25,2.17,5.84,5.56,-2.69,4.53,1.7,4.97,4.39,-5.1,-1.74,6.7,1.3,5.07,5.19,7.37,3.69,-1.47,1.54,3.46,2.82,6.51,2.01,4.42,1.77,20.228
2012-02-29,1.93,6.06,4.94,4.0,2.48,1.56,1.59,3.95,2.89,4.51,2.35,0.65,-2.28,1.07,0.58,-0.05,-6.75,-12.27,-3.08,1.48,2.38,3.45,5.34,1.57,0.62,2.99,5.24,3.96,7.0,3.66,3.12,1.9,18.4205
2012-03-31,0.55,1.34,1.83,-2.08,-2.51,-2.09,-0.07,0.6,1.16,-0.15,-0.15,-4.26,-1.62,-1.64,-7.72,0.17,-1.37,2.42,-1.64,1.7,1.69,-0.64,-3.26,-0.71,1.53,-0.21,1.32,0.83,-2.35,-1.37,-0.85,2.16,16.1672727272727
2012-04-30,-2.39,-0.25,-3.61,-12.22,-8.65,-4.64,-5.67,-3.24,-8.44,-2.6,-6.7,-14.57,-11.14,-7.65,-7.39,-7.63,-12.63,-23.71,-10.31,-0.88,-0.77,-7.56,-8.08,-5.82,-2.11,-6.16,-2.06,-4.48,-9.19,-3.21,-6.17,1.84999999999999,17.823
2012-05-31,2.12,5.76,5.98,0.38,7.14,0.0,-10.41,6.84,3.13,2.2,4.62,4.78,0.04,-2.05,-4.16,2.66,7.18,2.41,5.84,3.42,7.02,4.48,1.68,2.62,4.23,2.76,3.06,-2.31,4.65,6.51,3.89,1.52,21.0018181818181
2012-06-30,-0.02,2.05,3.94,-8.55,0.8,3.59,2.04,1.63,-0.96,-0.75,-2.23,-1.45,1.43,3.42,-1.16,-1.24,-3.32,-10.94,3.07,3.5,4.15,-1.21,0.71,1.15,-0.88,0.46,2.32,-3.37,-1.1,0.87,0.79,1.57999999999999,21.1309523809523
2012-07-31,-0.41,0.28,-2.94,7.33,5.97,3.2,8.15,0.97,2.96,8.07,7.87,-1.23,4.13,3.73,4.24,2.91,6.28,0.3,2.39,-3.46,0.97,3.98,5.4,2.32,-1.48,0.4,3.46,1.65,4.18,-0.29,2.54,1.4,17.565238095238
2012-08-31,1.71,-1.04,-0.04,5.53,5.6,2.61,-0.4,4.68,1.48,5.37,5.38,3.76,2.01,-0.17,3.42,-0.65,10.06,2.06,3.84,2.11,4.86,3.03,-0.28,2.51,-2.15,0.44,1.8,3.72,3.64,6.1,2.73,1.48,15.6895652173913
2012-09-30,-1.81,-1.9,-2.52,1.48,-0.87,1.06,-1.11,-1.92,-2.46,4.73,3.33,-0.77,-0.81,1.29,6.4,0.71,0.75,20.5,-2.2,1.09,-2.43,-4.66,-7.27,-2.23,3.18,2.58,-0.96,-4.92,1.91,-3.4,-1.76,1.54999999999999,15.2847368421052
2012-10-31,3.84,1.95,3.27,2.09,-2.56,1.31,3.94,1.51,3.23,4.06,1.55,2.55,1.61,5.48,2.78,3.98,-3.05,-11.27,-1.33,-3.79,0.06,1.3,1.68,3.52,0.24,2.32,1.08,2.65,-0.94,0.99,0.78,1.60999999999999,16.2761904761904
2012-11-30,-1.43,-0.93,-5.59,3.49,5.4,-1.71,-0.17,-0.53,4.43,3.53,4.78,6.55,4.16,3.7,8.34,2.55,-1.32,7.66,1.22,0.12,1.15,1.86,-0.61,3.33,3.08,2.13,-2.2,1.8,4.42,1.07,1.18,1.54,16.7019047619047
2012-12-31,5.53,5.12,5.61,13.34,5.3,8.9,2.3,8.08,4.97,9.2,9.59,4.03,8.04,7.28,1.33,2.81,0.64,-3.72,7.66,5.05,4.85,6.25,-0.87,5.63,8.52,6.4,5.36,5.35,6.24,6.56,5.57,1.73,17.307
2013-01-31,3.82,5.08,2.2,-0.26,-6.95,3.08,1.45,1.33,-0.88,5.65,-0.82,-2.72,-1.04,0.97,-1.03,3.79,-7.59,-8.12,0.8,2.2,2.29,1.02,0.4,4.62,3.56,2.03,0.56,0.79,1.18,4.16,1.28,1.95,13.505238095238
2013-02-28,6.51,5.31,2.73,7.81,7.7,2.26,2.78,6.52,1.2,8.91,4.32,2.07,0.45,0.62,3.99,5.69,0.9,0.86,2.09,5.69,5.64,2.76,3.01,5.56,4.72,3.47,4.79,5.31,4.52,2.29,4.04,1.77999999999999,14.0726315789473
2013-03-31,2.79,3.54,4.4,4.42,-0.17,1.21,9.05,2.59,3.97,1.0,-3.06,-4.39,-1.23,-1.41,4.84,0.35,-10.56,-5.66,-1.33,5.13,4.32,1.64,-0.86,0.02,-0.06,0.2,3.26,2.58,1.62,0.16,1.56,1.8,13.0315
2013-04-30,-3.4,-1.48,-2.97,2.26,4.61,-0.23,1.09,1.61,3.54,0.71,5.2,3.84,5.4,4.07,11.37,6.35,0.22,0.48,3.07,-7.14,-1.76,3.82,5.4,2.21,2.68,3.87,2.39,-0.21,7.22,5.07,2.8,1.65,13.9672727272727
2013-05-31,0.74,0.9,-2.26,-3.89,2.12,-0.65,0.74,-1.38,-4.95,2.28,-6.45,-4.73,-3.49,-3.33,0.45,1.05,-9.6,-23.2,-2.11,0.82,1.98,-2.28,-3.39,-0.84,-1.36,-0.55,-0.39,1.66,-0.48,-0.81,-1.2,2.12,13.4936363636363
2013-06-30,3.25,2.72,1.76,4.86,12.2,5.16,1.63,8.07,6.41,11.91,2.49,7.04,4.49,9.71,9.71,6.87,0.16,10.54,5.11,4.58,3.43,4.57,7.12,7.66,3.9,6.41,6.41,2.9,6.52,4.86,5.65,2.48,17.2715
2013-07-31,-3.74,-3.95,-4.85,2.7,-5.12,-2.9,-1.9,-3.67,-0.64,-3.4,-5.09,-2.85,-0.35,-1.98,-1.22,-2.84,4.6,3.75,-1.97,-4.43,-3.29,-0.45,-0.49,-2.56,-2.79,-2.51,-4.92,-2.19,-4.26,-3.7,-2.71,2.56,13.9745454545454
2013-08-31,0.5,1.28,4.27,9.92,6.26,0.76,7.28,4.17,5.18,8.48,8.37,8.35,6.09,7.1,6.74,8.52,1.33,2.56,1.95,1.05,4.28,5.22,2.67,2.85,5.85,5.65,4.41,4.07,3.01,3.38,3.77,2.75,14.21
2013-09-30,4.63,6.33,5.36,4.38,7.2,6.33,2.49,3.55,3.88,4.42,3.57,8.24,1.36,5.5,-0.13,5.34,5.64,10.17,4.73,3.34,5.85,3.14,4.55,6.74,5.73,5.86,5.41,3.84,3.21,4.7,4.17,2.62,14.692
2013-10-31,1.5,1.13,-2.42,3.23,0.57,3.88,6.82,4.5,1.2,4.27,2.72,1.7,1.49,3.39,1.71,4.77,-5.58,-3.48,0.92,-1.81,0.08,3.42,3.6,4.3,5.27,3.82,3.76,3.39,6.05,1.95,3.11,2.53,15.4078260869565
2013-11-30,3.08,-0.4,2.99,7.03,7.83,-1.96,0.99,0.59,4.98,3.72,5.51,6.56,5.27,3.23,1.63,3.12,6.89,7.89,2.96,1.79,3.98,4.45,3.51,2.81,2.33,2.57,0.05,-0.27,2.67,3.32,2.81,2.69,12.924
2013-12-31,-5.37,-0.46,-8.33,-1.03,-6.94,-6.14,-7.64,1.79,-3.82,-2.72,-2.96,-5.51,-4.47,-2.73,-2.55,-3.44,-6.73,-7.61,-6.89,2.49,-3.81,-0.73,-2.79,-4.8,-1.72,-2.4,-7.64,-4.62,-4.25,-6.55,-3.32,2.97,14.1923809523809
2014-01-31,3.82,1.57,3.35,8.55,6.7,3.37,5.41,6.35,7.81,0.84,6.22,2.56,5.95,3.8,8.72,4.16,6.38,4.67,5.7,3.09,2.56,5.46,4.66,5.42,2.12,4.53,5.78,4.73,3.24,2.73,4.66,2.65,14.2409523809523
2014-02-28,2.74,4.8,4.1,-5.75,-0.88,1.85,-0.13,-2.47,0.65,-0.15,-2.6,3.63,0.98,0.09,-1.13,-1.22,-0.61,-2.9,2.5,2.68,0.15,-2.49,1.57,-0.64,2.76,0.44,-1.24,1.69,2.54,3.77,0.43,2.61,15.47
2014-03-31,1.19,1.55,5.69,-3.84,-1.83,2.88,-3.63,-0.33,0.05,0.42,-2.8,0.73,1.31,-0.83,0.14,1.27,2.95,8.95,5.64,3.98,0.39,-2.84,0.94,0.14,1.15,-0.56,-0.82,-1.35,-3.57,2.78,-0.18,2.68,14.8366666666666
2014-04-30,4.05,3.06,3.99,3.22,-1.58,-0.69,1.88,1.85,2.69,2.76,0.47,-1.75,0.51,-0.51,1.76,1.98,-2.15,-7.32,0.97,0.01,4.11,2.43,4.43,3.24,5.48,3.5,0.25,2.36,1.66,-0.41,2.05,2.64,14.1980952380952
2014-05-31,1.66,2.86,-1.19,1.93,8.84,-1.31,-0.16,2.87,0.78,7.75,2.19,4.88,5.49,3.58,4.09,-2.06,6.33,3.87,4.13,5.43,1.54,2.26,3.45,1.94,1.53,0.98,0.98,2.64,3.08,0.09,2.6,2.44,12.475238095238
2014-06-30,-5.83,-2.95,-3.26,-3.74,-1.48,-2.99,-0.73,-0.34,-3.2,-5.72,-8.88,2.41,-6.1,-6.57,-3.85,-5.71,1.91,-11.15,-3.46,-6.4,0.8,0.41,-0.46,-4.1,-2.17,-2.85,-1.44,-3.22,-2.08,-2.51,-2.03,2.48999999999999,11.5414285714285
2014-07-31,6.42,5.49,4.64,-1.91,2.65,5.83,3.48,5.54,4.39,10.18,6.87,6.12,5.34,3.52,4.25,5.73,1.37,4.17,2.3,5.31,0.33,3.45,5.13,3.4,4.56,4.74,5.73,2.39,3.85,6.19,4.24,2.55,12.2963636363636
2014-08-31,-0.55,0.83,2.04,-4.4,-7.16,-0.32,4.0,-0.22,-2.14,-2.35,-6.5,-4.75,-6.78,-4.84,-10.05,-0.98,-10.77,-14.45,-7.77,-3.38,-1.45,-1.4,-1.77,-3.52,0.44,-2.25,-1.36,-0.56,-0.55,-0.03,-1.96,2.32,13.4919047619047
2014-09-30,1.78,3.24,5.85,0.4,3.06,4.13,1.44,5.92,-1.1,2.03,4.01,2.22,2.33,3.17,1.96,1.17,-9.31,-6.3,-4.22,6.71,1.3,0.81,2.92,6.4,6.39,3.46,2.83,1.3,3.79,1.62,2.51,2.5,13.4666666666666
2014-10-31,5.77,4.36,0.99,-0.5,1.09,3.03,8.94,2.52,2.21,7.58,1.52,-2.33,-1.09,-0.05,5.27,4.67,-0.88,3.97,-9.73,0.26,2.46,2.08,6.47,4.82,6.31,2.08,8.86,5.79,1.8,3.82,2.56,2.34,18.0586956521739
2014-11-30,-2.53,-4.38,-2.9,-4.79,1.8,0.08,-0.68,-0.83,0.81,-0.31,-0.06,-6.66,-1.0,-1.02,0.65,-0.55,-6.4,-16.48,0.72,1.86,-2.05,-0.7,-1.64,2.1,1.48,0.54,2.24,-0.57,2.14,-0.29,-0.05,2.16,13.4131578947368
2014-12-31,-1.69,0.88,3.07,0.2,-2.02,-4.64,-3.92,1.58,-2.04,2.07,-5.03,-9.48,-7.72,-5.47,-6.27,0.96,-4.42,-17.48,-4.21,1.24,-4.47,-4.63,-2.26,-2.44,-4.36,-2.35,-0.42,0.8,-7.76,-4.05,-3.1,2.13,16.2922727272727
2015-01-31,4.46,4.5,5.46,5.68,9.15,3.57,5.95,4.0,8.05,13.37,8.16,3.56,6.36,5.52,8.99,6.26,14.84,15.03,4.64,-4.36,8.92,8.06,8.43,6.72,2.85,5.03,5.79,6.82,7.99,5.68,6.13,1.66,19.1195
2015-02-28,-0.64,-2.08,-8.5,-2.52,0.46,-2.33,1.18,0.86,-3.46,3.32,1.23,-2.88,-3.61,-0.51,-0.43,-1.29,-7.1,-18.65,-2.37,-0.31,-2.12,-1.61,-3.08,-1.73,-3.05,0.65,0.92,-0.25,0.2,-1.75,-1.11,1.98,15.9042105263157
2015-03-31,-0.19,-0.49,6.01,4.14,-4.1,-2.37,-1.65,-1.55,1.18,-5.96,-3.1,4.08,2.09,1.43,0.12,-2.85,12.66,10.79,6.63,0.28,3.63,2.55,-0.06,-2.64,-1.61,-1.29,-2.74,0.56,0.74,0.59,0.59,1.91,14.8127272727272
2015-04-30,1.91,1.98,1.58,0.73,2.16,-0.03,-0.24,4.99,1.16,4.38,1.79,-3.73,0.16,2.87,1.15,1.76,-5.29,-17.11,-5.05,-0.43,0.33,-0.28,4.09,1.34,-3.57,1.49,0.75,1.61,3.13,0.86,1.37,2.04,13.4947619047619
2015-05-31,-2.33,-1.67,-2.47,1.19,-0.85,-0.72,3.99,0.37,-2.86,4.1,0.56,-5.5,-0.8,-3.45,-2.44,-2.84,-6.37,-22.91,-3.65,-5.27,-0.55,-2.06,-4.87,-3.05,-3.41,-2.53,-0.55,0.33,1.48,-3.09,-1.52,2.11,13.3385
2015-06-30,4.3,3.54,9.74,6.15,-2.54,0.73,5.78,3.5,-4.91,-0.7,1.06,-8.25,-5.6,-4.2,-3.12,-1.48,-13.42,-26.81,-8.9,2.65,1.52,4.82,-0.81,-0.31,3.14,-1.12,6.24,4.26,1.94,2.52,1.57,2.34,14.3395454545454
2015-07-31,-4.33,-3.09,-4.01,-7.15,-8.22,-7.01,-3.76,-8.38,-7.29,-3.07,-2.22,-4.4,-3.5,-8.95,-6.1,-5.07,-1.42,8.09,-3.72,-4.08,-8.38,-5.31,-6.31,-5.71,-6.51,-4.17,-5.38,-6.43,-6.53,-4.87,-6.02,2.12,14.3527272727272
2015-08-31,-1.17,2.6,2.52,-10.05,-5.06,-0.48,0.28,-6.92,-8.27,-5.9,-6.59,-10.67,-9.09,-8.8,-2.52,-2.57,-6.02,-36.71,-5.56,-0.5,-2.5,-1.16,-1.71,-2.68,-0.77,-5.8,-2.11,0.59,-3.18,-1.13,-3.06,2.13,19.4280952380952
2015-09-30,5.94,8.07,10.85,14.75,12.02,6.16,0.73,7.51,16.63,7.89,5.34,5.88,8.54,7.98,6.01,9.27,8.88,-31.06,12.38,2.09,9.07,11.02,8.54,10.21,6.52,5.13,4.94,5.03,5.77,8.17,7.75,2.07,24.3771428571428
2015-10-31,0.35,-0.69,-3.03,-0.4,-1.27,-1.12,-1.4,0.58,1.69,-2.61,4.66,-1.29,2.0,1.35,1.98,-0.41,-6.13,9.97,1.04,-3.42,-1.92,1.91,0.31,-0.02,-1.14,2.91,0.9,-0.99,2.17,0.54,0.57,2.08,16.7895454545454
2015-11-30,1.86,0.33,1.58,-1.72,-6.11,1.85,-4.21,0.32,-4.67,-2.62,-5.27,-2.22,-5.73,-0.19,-4.13,-1.81,-6.45,-6.69,-9.66,-2.39,-2.96,-1.01,-4.57,-3.69,-4.98,-1.68,0.45,-0.87,-2.86,1.08,-2.15,1.99,16.21
2015-12-31,-1.7,-0.17,4.41,-8.13,-5.23,0.38,1.72,-10.12,-11.07,-5.31,-8.6,-9.68,-4.95,-8.22,-13.2,-9.64,-5.15,-4.12,-4.36,4.67,0.39,-4.86,-7.72,-5.24,-8.76,-8.37,-4.95,-0.66,-9.73,-3.68,-5.74,2.11,18.0254545454545
2016-01-31,0.93,-2.34,0.95,4.11,-1.15,-0.04,1.31,-0.97,6.86,0.65,2.09,7.38,4.93,3.54,4.09,3.14,12.58,6.25,-3.03,1.72,0.91,-2.42,1.45,3.04,7.1,4.45,-0.35,0.79,-3.01,2.31,-0.06,1.61999999999999,23.7178947368421
2016-02-29,4.64,5.68,4.92,8.76,7.2,4.83,2.53,3.95,8.39,3.6,11.46,17.75,9.79,9.11,10.61,4.06,13.28,26.54,10.86,7.84,6.16,8.03,8.83,8.2,6.86,6.14,5.77,5.37,6.6,7.17,6.95,1.41,22.517
2016-03-31,0.61,0.37,-0.28,-6.22,1.95,-0.57,-2.24,4.96,3.78,1.54,0.42,9.86,3.51,2.35,1.61,5.12,16.08,28.3,9.16,-0.8,0.69,-2.82,-5.42,0.81,-1.12,0.12,-0.24,-2.38,4.17,-0.06,0.92,1.57,15.8490909090909
2016-04-30,2.06,-0.9,0.82,5.56,-0.73,0.34,-4.78,2.42,-1.3,-1.68,3.47,-8.5,0.3,-1.0,-2.52,-1.77,-5.15,1.57,-0.61,2.24,0.17,4.79,5.53,1.8,-2.16,1.56,1.18,-1.44,2.2,-1.49,1.78,1.61,14.3004761904761
2016-05-31,4.78,5.34,7.0,-4.48,-0.62,3.4,1.85,-0.17,-1.09,-4.67,-1.23,2.58,-0.78,-0.15,-7.01,0.78,8.31,5.26,2.55,7.43,3.55,-2.0,-1.37,2.11,-2.82,1.63,0.6,1.12,-5.33,3.97,-0.03,1.5,14.8528571428571
2016-06-30,-0.58,1.81,-2.77,6.17,7.45,2.62,1.96,6.16,4.34,9.76,5.59,13.73,6.65,5.17,8.88,4.14,7.6,20.92,-2.81,-0.25,2.25,6.89,7.98,2.66,5.46,3.44,4.32,2.22,4.06,-0.24,3.94,1.23,17.7745454545454
2016-07-31,-0.51,-0.86,-1.2,0.92,0.34,1.46,1.03,-3.15,2.47,1.66,0.8,-7.68,3.98,0.15,-0.48,0.31,-9.75,-4.53,1.64,-3.78,-3.17,1.14,2.33,1.88,1.09,-1.02,-1.57,-0.21,4.92,1.43,0.49,1.19,13.1585
2016-08-31,-2.93,1.77,-2.78,4.77,-3.95,0.3,-6.74,0.6,-1.72,-4.88,-2.43,2.47,2.63,1.57,-0.3,-0.63,2.2,7.68,2.82,1.83,0.47,0.7,3.99,-0.07,2.98,-2.62,-0.05,-2.15,-1.49,-3.37,0.27,1.25,12.3995652173913
2016-09-30,-0.32,-1.68,4.61,5.81,-10.38,-3.08,-5.35,-7.53,-1.87,-7.38,-3.94,-2.93,-3.88,-5.68,-3.27,2.19,0.77,-8.66,-2.97,-0.66,-3.05,-0.35,-2.24,-5.59,-0.73,-8.12,-3.76,-1.95,1.54,-0.59,-2.01,1.32,14.2195238095238
2016-10-31,-4.57,-5.79,-5.12,3.83,7.86,-3.59,1.32,2.39,7.61,7.92,9.81,21.66,12.4,9.39,6.75,8.82,11.68,20.85,9.56,-2.65,6.54,-0.01,2.41,3.98,12.95,9.54,2.72,8.61,13.32,7.47,4.86,1.5,14.585238095238
2016-11-30,4.39,2.98,5.43,-3.38,2.04,1.65,-0.82,0.69,0.35,1.71,0.14,-2.16,-0.19,-0.73,4.33,1.41,-1.72,-9.64,2.04,3.61,4.89,-0.04,2.07,1.67,0.97,2.24,-0.8,0.52,3.87,2.32,1.81,1.89,15.2361904761904
2016-12-31,0.97,-0.95,5.65,4.95,1.65,2.65,0.33,2.02,3.83,5.63,3.93,3.49,4.51,4.06,5.39,1.95,12.36,-5.31,-4.3,1.09,3.33,5.42,3.28,2.42,2.04,1.97,1.08,0.7,0.52,-1.56,1.94,1.95,12.4723809523809
2017-01-31,1.64,6.15,7.98,0.78,-0.37,5.0,2.75,6.97,3.13,4.08,2.16,9.17,2.29,2.25,0.81,6.35,-8.41,-9.4,-2.42,3.85,-0.12,3.24,6.7,3.29,2.78,2.61,2.96,2.54,4.57,3.4,3.55,1.93,11.6085
2017-02-28,0.59,0.88,1.05,5.66,-0.88,-0.34,0.77,0.04,2.2,1.29,2.51,-6.17,1.48,0.55,-0.31,-1.8,-2.37,5.51,-1.24,0.38,0.88,1.82,2.37,0.18,-2.88,-1.11,0.81,2.75,-2.32,-1.12,0.17,1.82999999999999,11.5305263157894
2017-03-31,0.81,1.93,-0.09,2.82,-0.68,-0.45,-1.02,0.93,1.33,2.57,0.71,-0.56,4.02,-0.45,1.84,4.62,-1.27,-11.85,-2.69,0.32,0.11,3.91,0.85,2.04,2.23,-3.32,3.33,4.32,0.16,-0.8,1.08,1.65,11.8978260869565
2017-04-30,1.76,4.3,6.18,3.35,-1.56,1.73,-1.8,-0.27,-0.58,1.77,-2.37,-4.6,2.9,-2.1,-0.48,2.7,-1.08,-5.12,-3.39,2.44,-1.52,3.67,4.53,2.92,2.75,2.54,0.62,7.09,-1.14,-0.81,1.07,1.5,13.1363157894736
2017-05-31,-2.67,-1.21,-1.22,-0.19,2.74,-0.3,9.32,5.53,1.97,1.51,4.03,-0.19,-0.17,1.99,3.59,1.78,-0.52,2.27,-0.12,-1.91,-2.46,-0.52,-3.37,1.92,3.44,0.19,-2.38,-2.47,5.95,0.84,0.79,1.25,10.8622727272727
2017-06-30,1.59,1.22,-4.38,4.97,2.47,1.86,1.33,0.69,1.12,2.24,0.27,1.3,3.11,-0.02,-0.95,7.01,8.62,12.79,1.96,2.99,5.33,4.07,3.05,-2.35,-4.6,-0.79,1.04,-2.35,1.85,0.94,1.88,1.3,10.5136363636363
2017-07-31,-2.74,1.05,-0.87,-1.22,-6.28,0.08,-4.96,2.59,1.65,1.27,-0.56,1.67,-1.75,-2.68,1.9,2.22,0.91,-0.51,-5.18,2.18,-2.48,1.46,4.92,0.82,0.53,-4.23,-1.66,1.35,-1.29,0.98,0.18,1.24999999999999,10.2645
2017-08-31,0.45,-2.92,-2.04,3.57,3.53,-0.2,1.36,2.08,4.48,0.04,7.59,3.73,9.08,5.59,7.63,2.79,-1.95,1.39,11.05,-1.95,-1.5,0.54,1.07,2.51,6.37,4.57,2.84,0.13,5.28,1.12,2.49,1.13,11.975652173913
2017-09-30,0.79,1.3,-2.82,2.03,-1.88,-3.05,2.78,-2.25,5.66,5.42,5.81,2.29,5.6,4.64,2.2,1.92,1.33,2.17,0.41,3.02,-5.58,6.32,7.12,4.39,-1.86,-0.85,3.27,3.87,3.37,-2.31,2.26,1.29,10.4379999999999
2017-10-31,4.19,4.41,1.41,3.37,10.17,4.71,7.29,2.48,2.15,7.55,7.17,-1.44,2.23,0.52,0.61,4.01,0.17,9.42,2.92,2.42,4.01,0.35,2.52,4.31,6.88,3.67,9.04,5.33,3.96,0.88,3.12,1.25,10.1254545454545
2017-11-30,-0.01,4.4,4.96,0.78,1.15,2.4,4.56,-0.16,0.63,-2.22,1.48,13.21,2.39,3.31,-1.23,3.9,11.51,11.68,4.98,-4.98,4.49,0.38,-0.83,-0.86,3.0,4.29,2.63,1.27,1.03,0.78,1.06,1.17,10.5404761904761
2017-12-31,2.46,-0.12,0.13,17.14,4.26,-2.33,7.15,6.39,1.71,1.6,-0.02,3.6,3.83,2.27,3.57,12.32,3.48,0.91,2.8,-2.81,3.15,9.4,5.51,4.39,2.53,4.73,11.55,2.52,6.13,4.42,5.58,1.02999999999999,10.2645
2018-01-31,-6.76,-6.74,-6.61,0.75,-3.32,-6.66,-1.91,-3.49,-5.17,-12.48,-9.77,-1.99,-4.14,-5.55,-6.32,0.02,-3.33,5.87,-10.94,-4.54,-7.05,-1.75,1.98,-5.27,-6.29,-5.39,-4.45,-4.03,-2.59,-4.73,-3.64,1.28,11.0623809523809
2018-02-28,-1.84,1.25,-1.65,-0.3,0.44,1.87,0.68,-2.39,-1.87,-2.16,0.48,-5.87,-1.09,-1.47,-6.71,-5.81,-0.14,-6.45,3.18,3.17,-2.53,-3.22,-2.71,-4.37,0.58,-1.04,-3.3,-0.28,-3.44,-3.31,-2.35,1.24,22.4647368421052
2018-03-31,-1.58,-4.37,-14.17,3.24,-0.6,-5.6,3.29,-0.05,0.77,-9.58,-3.09,3.68,-5.45,-6.59,0.17,-1.75,-3.32,-2.49,10.09,2.78,-2.31,1.25,-2.05,-6.1,0.26,0.86,4.11,3.67,1.15,-1.51,0.27,1.04,19.0238095238095
2018-04-30,-0.79,-1.22,-1.87,8.94,-0.46,-0.33,3.89,2.38,2.28,-1.42,1.95,5.58,2.88,7.98,3.62,4.42,3.08,11.67,3.34,0.27,-1.31,5.79,7.79,0.78,4.93,1.57,1.29,-2.08,0.38,0.02,2.66,1.11,18.267619047619
2018-05-31,4.91,4.4,3.08,4.83,2.24,4.06,6.77,1.47,0.35,3.42,-1.52,-5.02,-5.01,-1.46,0.65,-3.02,-1.79,4.07,0.47,2.57,6.51,1.1,-2.01,-0.44,-3.5,0.34,4.16,-2.92,-1.03,-2.06,0.49,0.94,14.1245454545454
2018-06-30,2.34,3.54,5.24,-6.24,-4.2,2.28,0.71,5.9,4.85,-9.08,2.58,4.25,6.17,9.08,-3.12,7.29,-2.25,-3.1,1.09,1.68,2.73,2.25,2.76,5.95,7.84,2.38,3.4,1.4,4.25,6.34,3.2,0.96,13.6780952380952
2018-07-31,-0.54,-1.9,-5.44,2.59,-4.59,2.59,5.08,4.5,0.02,3.64,0.48,-3.23,-2.11,-0.22,-1.74,-2.17,-10.76,-0.71,-2.89,0.93,2.89,5.24,9.59,-0.34,2.91,3.69,9.07,3.66,2.44,2.06,3.45,0.97,13.147619047619
2018-08-31,-0.35,0.2,5.38,-0.47,-2.17,1.1,1.11,2.08,-3.11,-6.51,-3.11,-0.69,0.84,-0.2,-5.05,6.44,-1.72,-6.08,3.47,-0.57,1.79,-0.24,-0.18,-0.34,1.25,-1.47,0.51,2.98,-2.07,1.01,0.06,0.79,12.5469565217391
2018-09-30,0.98,-1.6,7.9,-15.84,-6.52,-0.36,-10.07,-8.79,-11.09,-25.99,-12.96,-11.62,-14.05,-11.79,0.99,-9.75,-10.33,1.31,-11.77,-0.06,-0.41,-9.12,-8.18,-9.82,-9.76,-7.79,-10.29,-1.62,-5.59,-6.69,-7.65,0.899999999999999,12.9105263157894
2018-10-31,2.68,5.85,-8.41,-0.36,3.23,6.39,-0.97,6.41,4.98,2.91,3.44,-3.0,7.16,3.63,3.8,1.14,-1.0,-14.09,-2.16,3.26,2.52,1.23,-4.7,8.14,6.21,3.17,1.85,6.39,2.87,2.37,1.71,0.859999999999999,19.3521739130434
2018-11-30,-9.82,-9.72,-15.85,-8.39,-15.37,-5.46,-7.84,-8.24,-7.8,-10.02,-11.02,-14.79,-9.58,-12.29,-11.29,-10.66,-7.05,-2.09,-13.17,-4.77,-8.7,-7.74,-9.01,-8.65,-15.17,-11.21,-9.12,-6.24,-11.57,-7.3,-9.55,0.69,19.3890476190476
2018-12-31,6.62,3.53,7.87,19.05,14.0,6.58,12.49,5.31,5.53,9.7,13.32,17.1,10.93,11.34,9.77,15.01,7.68,14.24,10.33,5.38,5.45,10.51,7.46,8.17,9.93,8.83,8.99,4.58,9.87,6.69,8.37,0.29,24.9531578947368
2019-01-31,-3.54,2.39,10.21,3.94,4.28,4.75,5.55,3.3,3.89,6.73,4.06,2.27,3.98,5.36,2.68,9.92,6.66,-4.27,2.45,3.55,3.04,4.59,7.38,3.05,4.15,4.55,-0.04,4.29,2.76,1.34,3.42,0.27,19.5723809523809
2019-02-28,3.83,4.91,6.46,-0.19,-5.63,4.36,-0.29,0.51,-1.52,-7.76,0.36,-4.65,0.24,-3.89,-6.04,-6.61,5.4,-1.89,2.06,3.33,0.6,3.12,4.35,1.45,-0.42,-1.51,3.9,3.82,-2.51,0.13,1.1,0.33,15.2347368421052
2019-03-31,3.57,6.57,-3.55,6.26,1.49,3.23,5.0,-3.16,5.5,6.84,7.2,-2.64,6.38,6.4,4.26,3.56,-1.53,2.86,0.11,1.0,5.98,6.21,5.3,-2.09,4.96,3.92,4.95,3.96,7.13,6.93,3.97,0.06,14.485238095238
2019-04-30,-3.23,-3.99,-10.29,-8.79,-9.72,-3.85,-10.89,-3.4,-12.93,-2.34,-7.16,-15.46,-11.79,-11.7,-14.45,-8.95,-8.48,-12.11,-11.93,-1.55,-3.0,-5.78,-11.62,-9.17,-9.34,-5.92,-7.0,-1.41,-5.58,-6.3,-6.92,0.129999999999999,12.9490476190476
2019-05-31,4.62,5.25,1.0,7.37,7.91,6.85,9.04,6.82,3.45,9.72,8.6,16.04,12.24,10.65,13.92,7.35,14.89,2.96,8.9,3.64,5.15,5.71,11.16,8.37,6.69,7.47,7.22,7.37,6.2,7.52,6.92,-0.159999999999999,16.7218181818181
2019-06-30,2.58,-2.15,3.38,-2.16,3.32,4.89,0.93,-2.16,1.32,-11.15,0.3,-2.54,0.59,-0.81,0.95,-1.92,-2.79,-11.92,-2.62,-1.01,2.05,3.63,3.24,0.55,1.95,0.14,0.56,3.23,3.14,-1.9,1.23,-0.08,15.836
2019-07-31,0.88,6.17,-11.05,-6.27,-4.52,1.58,-5.9,-0.64,-5.16,-5.47,0.16,-12.03,-6.42,-5.16,-8.0,3.2,-2.47,-15.19,-8.53,3.45,0.29,-2.08,-3.11,-2.94,-7.1,-2.45,-0.1,1.49,-4.83,-2.59,-2.55,-0.02,13.305909090909
2019-08-31,0.62,1.7,1.99,-4.41,1.21,1.73,9.86,-0.98,5.12,7.37,6.37,7.09,6.04,5.57,5.7,2.45,3.02,-8.65,3.79,3.94,1.26,-0.98,4.23,1.71,0.47,5.82,0.82,-2.5,2.67,2.57,1.41,-0.449999999999999,18.9790909090909
2019-09-30,-1.58,-1.06,8.1,5.72,2.12,-0.68,-2.22,4.66,-1.17,10.8,2.91,3.54,6.22,3.04,7.17,-3.54,1.11,-11.11,-2.09,-1.39,2.19,1.88,5.09,0.01,1.55,2.67,1.51,-4.3,3.39,1.89,2.07,-0.16,15.559
2019-10-31,1.94,-0.6,5.52,6.13,-1.31,-1.34,5.46,5.48,3.82,-2.26,3.22,6.08,2.9,8.92,3.13,6.47,3.41,-9.79,1.15,-2.14,2.47,5.09,5.02,3.13,2.76,4.13,2.06,2.7,5.74,4.36,3.87,0.179999999999999,15.4665217391304
2019-11-30,3.66,1.39,3.21,4.22,3.19,2.57,7.89,3.45,1.36,-3.37,-0.13,0.78,3.92,2.38,7.51,-4.96,10.12,0.65,6.28,4.12,1.04,1.83,6.32,2.16,-0.21,2.41,1.21,2.27,2.62,1.56,2.77,0.219999999999999,12.5235
2019-12-31,0.94,2.7,-3.66,0.51,-4.74,0.4,-6.32,-1.99,-7.53,-4.55,2.26,-15.31,-5.13,-4.38,9.45,0.03,-5.94,-23.13,-11.89,4.83,-2.12,5.06,0.97,-4.72,-0.15,-3.03,1.14,1.5,-2.44,1.66,-0.11,0.399999999999999,13.7566666666666
2020-01-31,-8.78,-7.48,-6.71,-5.13,-6.61,-8.46,-10.11,-5.37,-9.74,-8.15,-8.53,-10.27,-5.36,-6.51,-6.25,-12.11,-9.21,-8.73,-15.53,-9.89,-6.22,-5.56,-9.02,-7.41,-10.91,-9.4,-6.03,-9.38,-10.71,-8.85,-8.15,-0.01,13.9409523809523
2020-02-29,-8.75,-10.0,-6.43,-16.54,-23.06,-6.75,-17.66,-5.09,-17.37,-36.02,-28.95,-22.08,-17.61,-21.07,-24.09,-35.02,-12.74,-40.99,-34.65,-13.05,-13.22,-11.39,-8.65,-9.72,-16.82,-17.73,-4.5,-22.12,-20.2,-14.03,-13.37,-0.12,19.628947368421
2020-03-31,7.29,10.94,1.98,14.98,8.89,10.25,9.57,13.45,16.76,13.19,17.61,11.64,9.75,14.58,28.84,7.47,19.84,17.95,32.84,5.18,9.21,15.99,13.97,9.73,8.61,12.53,18.79,18.67,11.96,4.28,13.6,0.59,57.7368181818181
2020-04-30,3.86,0.92,-1.21,3.2,11.21,2.13,11.43,4.16,9.23,8.04,13.22,5.82,7.09,9.61,9.18,5.46,2.62,3.17,0.56,4.63,4.81,7.82,8.02,2.93,8.05,7.99,4.28,2.6,3.65,1.05,5.57,0.55,41.4538095238095
2020-05-31,-1.4,0.35,-0.75,3.2,1.4,1.97,2.5,-1.44,0.8,5.79,3.62,4.65,4.91,5.23,16.11,5.97,8.96,-6.41,-0.37,-5.02,-2.62,5.13,6.63,0.49,1.12,1.32,5.58,-2.36,-0.35,-1.95,2.45,0.51,30.897
2020-06-30,6.31,5.43,7.78,5.8,4.91,7.78,0.66,4.39,7.22,-18.95,9.94,2.23,8.96,8.87,20.42,-7.09,9.53,6.54,-4.86,6.34,5.06,5.14,9.52,0.87,6.48,5.21,10.36,4.35,1.97,6.17,5.83,0.5,31.1195454545454
2020-07-31,4.06,2.6,4.77,11.7,3.73,4.83,12.21,2.35,5.12,12.55,7.61,8.27,4.73,12.29,47.55,8.16,5.06,2.13,-1.27,-2.25,5.6,9.28,11.76,6.58,13.03,5.02,8.02,12.25,4.9,8.89,7.62,0.46,26.8404545454545
2020-08-31,-2.66,0.25,-6.64,-2.25,-4.6,-0.66,5.84,-1.43,1.03,2.62,0.78,-4.91,0.37,0.74,-10.51,-5.35,-1.14,8.21,-15.16,-0.32,-1.97,-5.07,-5.14,-0.22,1.41,-2.38,-4.55,-0.77,-4.1,-1.36,-3.64,0.61,22.8895238095238
2020-09-30,-2.49,-4.6,-5.69,-2.49,-6.29,-0.54,-1.76,-4.37,-0.13,5.23,-3.53,7.34,2.47,-0.49,-4.65,-5.86,7.19,-18.97,-4.47,4.47,-3.89,-1.04,-3.18,0.26,-3.38,-0.81,-3.06,-0.91,-0.78,-2.91,-2.08,0.59,27.647619047619
2020-10-31,8.25,11.1,8.05,13.31,23.84,5.76,14.45,9.83,12.5,24.05,12.77,19.11,17.58,18.29,36.45,31.46,7.66,15.97,28.72,2.66,14.47,10.4,11.73,9.73,17.45,15.98,7.47,11.18,16.34,15.01,12.45,0.79,29.4386363636363
2020-11-30,3.64,3.31,8.66,11.08,11.19,0.78,4.4,4.71,3.32,11.77,2.79,6.47,2.9,3.63,16.9,2.52,8.65,27.39,5.6,0.62,5.12,3.58,7.21,1.57,0.81,3.21,0.94,3.98,6.94,2.4,4.63,0.76,24.9955
2020-12-31,-4.19,-6.88,-2.28,-1.83,4.25,-5.95,-4.85,3.42,-0.43,1.27,3.37,-4.77,2.16,2.65,12.46,-6.93,1.06,11.2,5.18,-0.44,-3.55,-0.22,1.26,-1.89,-4.51,-2.52,0.71,-4.39,-2.82,-2.95,-0.07,0.84,22.3740909090909
2021-01-31,0.75,-3.33,5.73,7.71,13.69,-0.05,4.06,-1.25,2.49,19.97,5.62,17.42,11.89,6.49,-9.99,8.7,8.91,4.87,23.96,-4.59,4.26,4.36,-1.9,1.44,9.13,5.23,-3.18,7.67,10.75,5.66,2.81,1.05,24.91
2021-02-28,7.5,8.41,11.73,-4.22,5.18,7.39,0.37,-0.09,7.75,8.33,11.37,22.24,7.18,4.43,0.98,11.33,1.73,-13.67,2.24,10.39,1.63,0.38,1.69,8.06,7.84,8.87,5.6,3.25,5.87,6.62,3.16,1.4,23.1405263157894
2021-03-31,2.95,3.58,1.43,0.53,0.39,1.61,4.94,2.96,4.4,6.31,6.09,2.86,2.31,-0.72,4.16,1.44,5.35,-0.78,0.59,3.98,3.08,8.09,4.07,4.18,3.92,5.69,7.41,5.33,6.19,5.41,4.95,1.71,21.8430434782608
2021-04-30,2.74,2.13,2.04,0.03,3.14,0.42,-0.74,-0.12,4.84,3.17,-0.57,14.42,2.29,-0.2,-6.51,4.86,9.88,36.77,6.17,-1.16,-0.51,-0.83,-0.76,1.58,2.01,1.09,-2.73,-1.38,3.21,4.36,0.3,1.64,17.4161904761904
2021-05-31,-2.51,-0.97,1.99,3.52,-0.32,-0.51,8.56,4.41,-5.01,-7.34,-3.61,-6.12,-1.33,5.94,5.42,-2.69,-9.29,6.6,5.6,-1.42,-0.01,6.28,7.42,-2.23,-4.47,-1.8,3.84,-0.73,-2.26,-2.76,2.74,1.57,19.7605
2021-06-30,-0.05,1.29,0.96,-7.27,-2.61,3.92,4.78,2.84,0.22,0.09,1.4,7.2,0.39,-0.43,-0.63,-0.99,0.96,17.24,-8.89,2.97,0.36,3.29,3.59,-1.1,-4.47,2.35,-0.79,5.2,0.21,0.44,1.34,1.4,16.9568181818181
2021-07-31,-0.26,-1.58,3.47,5.71,0.3,0.02,-0.59,2.84,0.58,-0.32,2.07,3.51,1.15,1.69,2.58,-1.66,-3.17,22.65,-1.34,3.23,1.37,4.89,4.03,3.23,0.08,1.38,3.01,-0.97,2.86,1.87,2.94,1.18,17.6033333333333
2021-08-31,-3.65,-2.96,-7.12,-0.83,1.32,-4.15,-9.15,-6.02,-5.51,-8.04,-7.56,-10.64,-7.51,-6.25,4.49,0.03,-8.86,10.9,11.27,-4.87,-5.58,-6.32,-5.82,-7.09,-2.95,-4.57,-4.54,-0.72,-1.54,-4.64,-4.4,1.26,17.4727272727272
2021-09-30,3.42,5.36,-1.37,7.18,2.25,3.82,12.27,2.23,8.83,0.59,7.3,10.14,4.75,13.47,33.85,0.34,8.98,4.64,10.29,5.11,-4.24,8.16,7.15,0.95,9.95,6.45,5.69,0.9,7.07,3.98,6.63,1.48,19.8247619047619
2021-10-31,-3.95,0.07,-7.02,-9.72,-3.38,0.9,0.11,-4.26,-0.55,-4.39,3.92,-6.28,1.19,-3.54,3.06,-6.15,0.5,-18.73,-5.38,-1.97,-7.19,-4.03,8.76,-2.49,-5.85,-1.16,2.14,-1.86,-5.68,-3.67,-1.58,1.5,17.8714285714285
2021-11-30,10.46,9.25,12.45,-1.9,3.67,11.24,-3.66,6.58,6.39,8.7,8.44,9.79,4.49,-4.01,-5.36,6.04,9.08,14.34,2.92,8.56,3.95,-0.09,4.38,5.15,8.26,8.76,-0.11,8.14,4.72,5.34,3.23,1.38,18.5004761904761
2021-12-31,0.86,-1.91,7.88,-19.3,-5.48,-5.91,-11.13,-8.77,-7.64,-12.35,-12.63,-10.32,-6.63,-14.42,-9.96,-0.02,-5.6,0.66,17.83,-2.1,-1.93,-9.1,-7.72,-2.79,-5.68,-6.46,-9.01,-8.3,-0.69,0.67,-6.16,1.46,21.3545454545454
2022-01-31,1.41,-5.34,-0.8,-0.91,3.41,-4.28,-5.84,-1.01,-2.63,-7.34,-2.22,23.88,-4.49,0.25,-7.07,9.32,10.47,35.51,8.24,-1.09,0.29,-6.45,-2.66,-6.16,-1.12,1.68,-1.78,-1.29,-1.62,1.15,-2.28,1.55,23.181
2022-02-28,0.99,3.36,-2.24,-4.62,0.81,-2.93,-0.81,5.15,3.16,-9.07,-6.02,15.53,3.02,1.25,16.69,-2.05,9.96,25.95,9.74,9.69,-2.42,2.7,4.35,0.15,4.5,3.1,3.46,0.12,-1.04,6.89,3.08,1.46,25.7484210526315
2022-03-31,3.0,3.04,6.37,-25.39,-9.94,2.33,-6.91,-6.91,-2.39,6.74,-4.71,-6.42,-10.07,-13.38,-17.55,-9.04,-13.93,7.8,-1.4,-3.71,-10.56,-12.55,-12.41,-0.72,-10.31,-2.17,-11.24,-5.13,-7.98,-7.19,-9.41,1.80999999999999,26.9686956521739
2022-04-30,-1.64,-1.59,2.68,-3.33,-7.3,-5.24,-6.74,0.96,4.81,2.35,4.14,-8.18,3.09,-0.97,-9.74,-2.93,-3.43,2.07,15.83,4.8,8.66,-3.21,-0.86,-0.66,-4.22,1.05,-5.61,-2.01,2.88,-0.79,-0.34,2.06,24.3735
2022-05-31,-1.65,0.01,-11.68,-11.02,-12.52,-2.67,-11.92,-2.02,-15.44,-11.22,-10.97,-21.15,-13.57,-10.17,-11.7,-1.93,-17.66,-10.73,-16.66,-6.54,-6.63,-6.5,-10.18,-8.49,-8.97,-6.33,-8.63,-8.03,-9.05,-10.86,-8.4,1.72,29.3136363636363
2022-06-30,3.6,5.43,0.55,14.52,12.01,0.69,11.79,2.77,7.59,6.9,16.43,20.44,13.51,21.64,29.04,6.47,0.39,3.32,10.4,6.3,-0.03,8.7,15.77,7.16,9.51,9.06,16.41,11.4,7.4,8.94,9.57,1.32,28.2331818181818
2022-07-31,-1.54,-1.87,-0.13,-2.76,-4.96,-2.13,-5.9,-5.04,-1.39,-12.2,-6.91,-1.3,-4.98,-4.28,-5.72,-1.76,-4.06,14.31,3.29,0.14,-2.87,-4.89,-5.86,-7.71,-1.64,-1.62,-3.44,-1.67,-2.15,-2.64,-3.77,0.33,24.995238095238
2022-08-31,-7.86,-5.3,-10.62,-6.05,-13.49,-10.56,-17.51,-1.92,-11.2,-15.53,-7.78,-18.0,-9.71,-10.49,-6.38,-12.42,-5.5,-9.66,-9.24,-11.65,-13.86,-11.06,-11.67,-13.27,-14.03,-9.51,-7.68,-6.2,-7.7,-6.91,-9.34,0.279999999999999,22.1695652173913
2022-09-30,9.91,9.37,12.07,13.4,8.78,5.65,10.88,8.78,8.95,8.43,9.91,19.91,16.88,2.44,-7.5,16.03,7.53,12.31,23.97,3.51,10.6,2.3,8.83,10.05,7.43,13.68,2.0,10.58,12.72,11.8,7.85,0.609999999999999,27.3418181818181
2022-10-31,4.6,3.24,5.59,6.99,15.73,9.43,17.52,5.35,10.53,6.99,6.84,13.97,9.54,5.63,-9.42,8.18,18.42,13.62,0.89,6.81,2.18,5.5,5.19,6.94,10.31,5.06,2.85,6.01,4.8,6.29,4.65,0.04,30.0057142857142
2022-11-30,-2.22,-4.02,1.88,-6.02,-7.66,0.79,-0.2,-1.72,-6.28,-0.92,-2.44,-7.6,-4.26,-7.52,-29.99,1.7,-3.67,-12.93,-4.08,-1.21,-6.82,-6.72,-9.11,-4.08,-7.22,-5.63,-8.92,-6.42,-5.54,-3.03,-6.38,-0.589999999999999,23.2990909090909
2022-12-31,-1.75,-3.68,1.46,18.97,11.47,-0.43,9.03,-1.05,9.16,15.89,13.36,22.17,8.1,12.32,30.93,3.78,15.64,3.89,2.75,-1.24,13.56,9.41,9.85,3.23,9.89,6.89,10.94,9.76,6.36,2.02,6.61,-0.419999999999999,21.7842857142857
2023-01-31,-1.87,0.28,-3.38,-4.18,-4.55,-2.74,-6.02,-4.29,-4.53,-12.88,0.51,2.07,-0.85,3.31,11.92,-1.76,-6.29,1.24,-7.05,-5.31,-6.5,-2.02,1.36,-4.76,0.05,-0.34,-5.54,-2.54,-2.43,-1.61,-2.57,-1.06,20.1690476190476
2023-02-28,3.74,4.24,0.18,2.57,-3.87,5.13,4.22,2.49,-3.55,-5.77,0.26,-8.08,0.34,-3.83,-0.37,1.06,1.88,-5.75,-0.27,3.9,-0.1,9.93,9.85,0.16,-0.16,0.61,3.55,3.34,-8.94,2.17,2.48,-0.799999999999999,20.1205
2023-03-31,2.96,4.23,4.1,0.35,1.57,4.37,2.22,4.12,-0.3,4.18,4.34,-6.83,-3.98,-5.25,-16.33,-0.75,-2.59,-5.26,2.69,1.72,0.99,1.99,-1.83,0.08,-1.93,0.45,1.83,5.05,1.97,4.41,0.62,-1.19999999999999,21.6443478260869
2023-04-30,-4.88,-3.03,-8.73,2.13,-0.63,-9.09,-13.59,-3.66,-7.64,-11.37,-1.19,-8.48,-1.0,1.15,15.94,-4.11,-5.98,-12.36,-9.55,-5.84,-9.41,7.74,8.26,-7.95,-0.61,-1.27,1.95,-5.17,-3.77,-2.37,0.34,-1.51,17.8178947368421
2023-05-31,0.37,2.83,7.81,9.5,6.06,7.19,7.13,4.66,11.19,12.18,17.51,20.22,14.23,17.65,25.59,7.95,11.38,20.03,6.27,2.62,4.62,4.4,8.02,6.98,11.15,11.6,7.85,5.76,5.86,6.7,6.46,-1.61999999999999,17.6360869565217
2023-06-30,1.96,3.24,1.49,1.84,4.29,0.34,0.97,-0.12,4.39,3.46,3.67,3.41,6.06,3.9,2.9,2.0,8.18,8.7,7.44,2.8,0.95,4.61,3.49,5.19,7.42,-1.03,3.19,2.87,6.42,1.14,3.21,-1.35999999999999,14.0031818181818
2023-07-31,-3.96,-4.62,-3.28,-4.1,5.64,-1.76,-6.09,-0.23,-4.24,-3.92,-1.23,-1.52,-1.76,-8.65,-4.82,-2.6,-6.28,3.36,2.01,-5.3,0.16,-1.83,-1.52,-2.27,-5.44,-1.52,0.48,-5.13,-3.61,0.79,-2.36,-1.31,13.9323809523809
2023-08-31,-4.89,-5.14,-2.46,-10.84,-6.17,-6.81,-4.45,-4.7,-6.17,-11.92,-8.42,-4.59,-6.69,-7.42,-2.42,-10.25,-6.84,25.88,3.02,-5.05,-3.2,-4.44,-7.91,-5.23,-4.6,-2.7,-6.13,-4.45,-2.04,-3.54,-5.23,-1.23,15.8539130434782
2023-09-30,-3.27,-4.34,-4.0,1.08,-2.09,-0.03,4.27,-4.59,-6.5,-6.24,-6.13,-4.01,-7.13,-12.93,-18.32,3.45,-4.25,-10.1,-6.17,1.08,-0.13,-0.36,-3.88,-2.96,-6.73,-0.9,0.65,-1.71,-1.79,-1.1,-3.15,-0.73,15.1733333333333
2023-10-31,4.13,3.9,4.76,10.58,7.8,4.96,10.6,5.8,8.04,8.43,16.14,11.14,9.91,10.08,16.51,11.14,8.24,14.18,-1.56,5.06,6.96,12.18,12.13,8.87,12.28,7.91,6.95,7.67,10.26,6.21,8.88,-0.45,18.8877272727272
2023-11-30,3.62,0.55,0.93,4.43,8.85,0.31,4.63,6.91,8.47,16.65,14.16,9.66,10.32,13.21,6.17,6.85,11.24,4.5,0.02,1.72,2.25,3.57,6.29,4.27,8.04,4.63,6.38,5.06,6.76,1.7,4.85,-0.879999999999999,14.0190909090909
2023-12-31,-1.36,-0.82,-2.51,6.73,-0.42,3.83,-5.19,3.52,-5.31,-2.54,-1.53,0.89,-0.27,-9.26,-18.9,-2.12,-5.74,7.32,-0.2,-3.0,4.57,3.44,2.34,-4.56,-1.51,2.94,1.34,0.62,0.75,3.38,0.73,-1.32,12.7185
